timestamp,cpu_usr,cpu_sys,cpu_iow,cpu_idle,mem_used_mb,mem_free_mb,net_rx_kbps,net_tx_kbps,ast_channels,ast_endpoints_online
1780426721,0,0,0,0,0,0,100,0,276,1697,0,0,0,1
1780426722,0,0,0,0,0,0,100,0,276,1697,0,0,0,1
1780426723,0,0,0,0,0,0,100,0,277,1696,0,0,0,1
1780426724,0,3,0,0,0,0,99,7,277,1696,0,0,0,1
1780426725,0,3,0,0,0,0,99,7,277,1696,0,0,0,1
1780426726,0,3,0,0,0,0,99,7,278,1695,0,0,0,1
1780426727,0,3,0,5,0,0,99,0,278,1695,0,0,0,1
1780426728,0,0,0,0,0,0,99,7,278,1695,0,0,0,1
1780426729,0,0,0,0,0,0,100,0,278,1695,0,0,0,1
1780426730,0,0,0,3,0,0,99,7,278,1695,0,0,0,1
1780426731,0,0,0,0,0,0,100,0,279,1694,0,0,0,1
1780426732,0,0,0,0,0,0,99,7,279,1694,0,0,0,1
1780426733,0,0,0,3,0,0,99,5,280,1693,0,0,0,1
1780426734,0,0,0,0,0,0,100,0,280,1693,0,0,0,1
1780426735,0,0,0,0,0,0,100,0,280,1693,0,0,0,1
1780426736,0,3,0,5,0,0,99,2,280,1693,0,0,0,1
1780426737,0,0,0,0,0,0,99,7,280,1693,0,0,0,1
1780426738,0,0,0,5,0,0,99,5,280,1693,0,0,0,1
1780426739,0,0,0,0,0,0,100,0,280,1693,0,0,0,1
1780426740,0,0,0,0,0,0,100,0,281,1693,0,0,0,1
1780426741,0,0,0,3,0,0,99,7,281,1692,0,0,0,1
1780426742,0,0,0,0,0,0,100,0,281,1692,0,0,0,1
1780426744,0,0,0,3,0,0,99,5,281,1692,0,0,0,1
1780426745,0,3,0,3,0,0,99,5,281,1692,0,0,0,1
1780426746,0,0,0,8,0,0,99,2,275,1698,0,0,0,1
1780426747,0,0,0,3,0,0,99,7,277,1697,0,0,0,1
1780426748,0,3,0,0,0,3,99,5,276,1697,0,0,0,1
1780426749,0,0,0,0,0,0,100,0,277,1696,0,0,0,1
1780426750,0,0,0,3,0,3,99,2,277,1696,0,0,0,1
1780426751,0,0,0,3,0,0,99,7,277,1696,0,0,0,1
1780426752,0,3,0,3,0,0,99,5,276,1697,0,0,0,1
1780426753,0,0,0,3,0,0,99,7,276,1697,0,0,0,1
1780426754,0,0,0,0,0,0,100,0,276,1698,0,0,0,1
1780426755,0,0,0,5,0,0,99,5,280,1693,0,0,0,1
1780426756,0,0,0,0,0,0,100,0,282,1692,0,0,0,1
1780426757,0,0,0,3,0,0,99,7,282,1692,0,0,0,1
1780426758,0,0,0,0,0,0,100,0,282,1691,0,0,0,1
1780426759,0,0,0,0,0,0,99,7,283,1690,0,0,0,1
1780426760,0,3,0,0,0,0,99,7,284,1689,0,0,0,1
1780426761,0,0,0,0,0,0,100,0,283,1690,0,0,0,1
1780426762,0,0,0,3,0,0,99,7,283,1690,0,0,0,1
1780426763,0,0,0,0,0,0,100,0,283,1690,0,0,0,1
1780426765,0,0,0,0,0,0,100,0,283,1690,0,0,0,1
1780426766,0,0,0,0,0,0,100,0,283,1690,0,0,0,1
1780426767,0,0,0,0,0,0,100,0,283,1690,0,0,0,1
1780426768,0,0,0,0,0,0,100,0,283,1690,0,0,0,1
1780426769,0,0,0,0,0,0,100,0,283,1690,0,0,0,1
1780426770,0,0,0,3,0,0,99,7,283,1690,0,0,0,1
1780426771,0,2,0,0,0,0,99,8,283,1690,0,0,0,1
1780426772,0,3,0,3,0,0,99,5,284,1689,0,0,0,1
1780426773,0,0,0,3,0,0,99,7,284,1689,0,0,0,1
1780426774,0,0,0,0,0,0,99,7,285,1688,0,0,0,1
1780426775,0,0,0,3,0,0,99,7,285,1688,0,0,0,1
1780426776,0,0,0,0,0,0,100,0,285,1688,0,0,0,1
1780426777,0,0,0,0,0,0,100,0,285,1688,0,0,0,1
1780426778,0,0,0,0,0,0,100,0,285,1688,0,0,0,1
1780426779,0,0,0,0,0,0,100,0,285,1688,0,0,0,1
1780426780,0,0,0,0,0,8,99,2,285,1688,0,0,0,1
1780426781,0,5,0,3,0,0,99,2,285,1688,0,0,0,1
1780426782,0,0,0,3,0,0,99,5,285,1689,0,0,0,1
1780426784,0,0,0,0,0,0,100,0,283,1690,0,0,0,1
1780426785,0,0,0,0,0,0,100,0,283,1690,0,0,0,1
1780426786,0,0,0,3,0,0,99,7,283,1690,0,0,0,1
1780426787,0,0,0,0,0,3,99,7,283,1690,0,0,0,1
1780426788,0,0,0,0,0,0,100,0,283,1690,0,0,0,1
1780426789,0,3,0,0,0,0,99,7,283,1691,0,0,0,1
1780426790,0,0,0,0,0,0,100,0,283,1691,0,0,0,1
1780426791,0,0,0,5,0,0,99,5,283,1690,0,0,0,1
1780426792,0,0,0,0,0,0,100,0,283,1690,0,0,0,1
1780426793,0,0,0,3,0,0,99,7,283,1690,0,0,0,1
1780426794,0,0,0,0,0,0,100,0,283,1691,1,0,0,1
1780426795,0,0,0,0,0,0,99,8,283,1691,0,0,0,1
1780426796,0,0,0,3,0,0,99,7,282,1691,0,0,0,1
1780426797,0,3,0,3,0,0,99,5,282,1691,0,0,0,1
1780426798,0,0,0,0,0,0,99,7,282,1691,0,0,0,1
1780426799,0,0,0,0,0,0,100,0,282,1692,0,0,0,1
1780426800,0,3,0,0,0,0,99,7,282,1692,0,0,0,1
1780426802,0,0,0,3,0,3,99,5,282,1691,0,0,0,1
1780426803,0,0,0,0,0,0,100,0,282,1691,0,0,0,1
1780426804,0,0,0,0,0,0,100,0,282,1692,0,0,0,1
1780426805,0,0,0,5,0,0,99,5,281,1692,0,0,0,1
1780426806,0,0,0,0,0,0,100,0,282,1691,0,0,0,1
1780426807,0,3,0,0,0,0,99,7,281,1692,0,0,0,1
1780426808,0,0,0,0,0,0,99,7,281,1692,0,0,0,1
1780426809,0,0,0,0,0,0,100,0,282,1691,0,0,0,1
1780426810,0,0,0,0,0,0,100,0,282,1691,0,0,0,1
1780426811,0,3,0,3,0,0,99,5,282,1691,0,0,0,1
1780426812,0,0,0,0,0,0,100,0,282,1690,0,0,0,1
1780426813,0,5,0,3,0,0,99,2,284,1690,0,0,0,1
1780426814,0,0,0,0,0,0,100,0,284,1689,0,0,0,1
1780426815,0,0,0,0,0,0,99,5,284,1689,0,0,0,1
1780426816,0,3,0,3,0,3,99,2,284,1689,0,0,0,1
1780426817,0,0,0,0,0,0,100,0,284,1689,0,0,0,1
1780426818,0,0,0,3,0,0,99,7,284,1689,0,0,0,1
1780426819,0,0,0,0,0,0,100,0,284,1689,0,0,0,1
1780426820,0,0,0,2,0,0,99,3,284,1689,0,0,0,1
1780426821,0,3,0,5,0,0,99,2,283,1690,0,0,0,1
1780426823,0,0,0,5,0,3,98,7,283,1690,12,9,0,1
1780426824,0,0,0,0,0,0,99,7,284,1690,0,0,0,1
1780426825,0,0,0,3,0,0,99,7,284,1690,0,0,0,1
1780426826,0,3,0,3,0,0,99,5,284,1689,0,0,0,1
1780426827,0,0,0,0,0,0,100,0,284,1689,0,0,0,1
1780426828,0,0,0,5,0,8,98,7,285,1688,0,0,0,1
1780426829,0,3,0,0,0,0,99,7,285,1688,0,0,0,1
1780426830,0,0,0,3,0,0,99,5,286,1688,0,0,0,1
1780426831,0,0,0,0,0,0,100,0,286,1688,0,0,0,1
1780426832,0,0,0,0,0,0,100,0,286,1687,0,0,0,1
1780426833,0,0,0,0,0,0,100,0,287,1687,0,0,0,1
1780426834,0,3,0,0,0,3,99,5,287,1686,0,0,0,1
1780426835,0,8,1,6,0,3,96,5,288,1685,0,0,0,1
1780426836,0,5,1,1,0,0,98,1,288,1685,0,0,0,1
1780426837,0,3,0,8,0,0,98,7,288,1685,0,0,0,1
1780426838,0,0,0,8,0,0,98,4,288,1685,0,0,0,1
1780426839,0,8,0,5,0,3,97,1,290,1683,0,0,0,1
1780426840,0,5,0,5,0,0,98,4,292,1681,0,0,0,1
1780426841,0,5,0,8,0,0,97,9,292,1682,0,0,0,1
1780426842,0,0,0,5,0,0,98,9,291,1682,0,0,0,1
1780426843,0,5,1,3,0,0,97,4,292,1682,0,0,0,1
1780426844,0,5,0,5,0,0,98,1,291,1682,0,0,0,1
1780426845,0,3,1,3,0,0,97,6,291,1682,0,0,0,1
1780426847,0,3,0,8,0,0,98,1,292,1682,0,0,0,1
1780426848,0,5,0,5,0,0,98,1,292,1681,0,0,0,1
1780426849,0,5,1,1,0,0,97,1,292,1681,0,0,0,1
1780426850,1,1,0,8,0,0,98,1,294,1679,0,0,0,1
1780426851,0,5,0,3,0,0,98,1,294,1679,0,0,0,1
1780426852,0,5,1,1,0,0,97,9,296,1677,0,0,0,1
1780426853,0,3,0,5,0,0,98,7,296,1677,0,0,0,1
1780426854,0,3,0,8,0,0,98,4,296,1677,0,0,0,1
1780426855,0,3,0,5,0,3,97,9,296,1677,0,0,0,1
1780426856,0,5,1,1,0,0,97,3,297,1676,0,0,0,1
1780426857,0,3,0,5,0,0,97,9,302,1671,0,0,0,1
1780426858,0,3,0,8,0,0,98,1,302,1671,0,0,0,1
1780426859,0,3,0,8,0,0,97,9,305,1669,0,0,0,1
1780426860,0,5,0,8,0,0,97,6,305,1669,0,0,0,1
1780426861,0,8,0,5,0,0,97,9,306,1667,0,0,0,1
1780426862,0,5,0,8,0,0,96,8,308,1665,0,0,0,1
1780426863,0,5,0,3,0,0,98,7,309,1664,0,0,0,1
1780426864,0,3,0,5,0,0,98,7,309,1664,0,0,0,1
1780426865,0,0,0,5,0,0,97,9,310,1663,0,0,0,1
1780426867,0,3,0,8,0,0,98,4,310,1663,0,0,0,1
1780426868,0,0,1,1,0,0,97,9,312,1661,0,0,0,1
1780426869,0,5,0,8,0,0,97,1,312,1661,0,0,0,1
1780426870,0,0,1,1,0,0,98,4,313,1661,0,0,0,1
1780426871,0,5,0,8,0,3,97,6,312,1661,0,0,0,1
1780426872,0,8,1,3,0,0,97,4,312,1661,0,0,0,1
1780426873,0,0,1,3,0,0,97,9,305,1668,0,0,0,1
1780426874,0,5,0,5,0,0,97,9,305,1668,0,0,0,1
1780426875,0,3,0,5,0,0,98,7,305,1668,0,0,0,1
1780426876,0,5,1,0,0,0,96,4,306,1667,0,0,0,1
1780426877,0,5,1,3,0,0,97,6,299,1674,0,0,0,1
1780426878,0,0,1,1,0,0,97,3,287,1686,0,0,0,1
1780426879,0,3,0,5,0,0,98,4,288,1685,0,0,0,1
1780426880,0,3,0,8,0,0,98,1,288,1685,0,0,0,1
1780426881,0,5,0,8,0,3,97,1,288,1685,0,0,0,1
1780426882,0,5,1,6,0,0,96,6,289,1684,0,0,0,1
1780426883,0,3,1,6,0,0,97,6,291,1683,0,0,0,1
1780426884,0,5,1,6,0,0,97,3,291,1683,0,0,0,1
1780426885,0,5,0,5,0,0,97,6,291,1682,0,0,0,1
1780426886,0,3,0,3,0,0,98,9,291,1682,0,0,0,1
1780426888,0,0,0,8,0,0,98,4,291,1682,0,0,0,1
1780426889,0,8,0,8,0,0,97,3,292,1682,0,0,0,1
1780426890,0,3,0,5,0,0,98,7,279,1694,0,0,0,1
1780426891,0,3,0,8,0,0,98,4,279,1694,0,0,0,1
1780426892,0,5,1,1,0,3,97,1,280,1693,0,0,0,1
1780426893,0,5,0,8,0,0,98,1,280,1693,0,0,0,1
1780426894,0,5,1,1,0,0,97,9,280,1693,0,0,0,1
1780426895,0,3,1,4,0,0,97,8,282,1691,0,0,0,1
1780426896,0,5,0,8,0,0,98,1,283,1691,0,0,0,1
1780426897,0,0,0,8,0,3,98,4,283,1691,0,0,0,1
1780426898,0,3,0,3,0,0,99,5,283,1690,0,0,0,1
1780426899,0,5,0,8,0,0,98,1,283,1690,0,0,0,1
1780426900,0,5,0,8,0,0,97,8,284,1689,0,0,0,1
1780426901,0,5,1,1,0,0,97,8,284,1689,0,0,0,1
1780426902,0,0,1,4,0,0,97,6,279,1694,0,0,0,1
1780426903,0,5,1,1,0,0,97,6,279,1694,0,0,0,1
1780426904,0,3,1,1,0,0,98,1,280,1693,0,0,0,1
1780426905,0,0,1,6,0,0,97,9,280,1693,0,0,0,1
1780426906,0,3,1,1,0,0,98,1,282,1690,0,0,0,1
1780426907,0,8,1,3,0,3,96,8,283,1690,0,0,0,1
1780426909,0,3,0,5,0,0,98,4,283,1690,0,0,0,1
1780426910,0,0,0,3,0,0,98,6,283,1690,0,0,0,1
1780426911,0,3,1,1,0,0,98,1,283,1690,0,0,0,1
1780426912,0,5,1,1,0,0,97,8,285,1688,0,0,0,1
1780426913,0,3,0,8,0,0,98,1,285,1688,0,0,0,1
1780426914,0,5,0,5,0,0,98,1,285,1688,0,0,0,1
1780426915,0,5,1,1,0,0,98,1,285,1688,0,0,0,1
1780426916,0,8,1,1,0,0,97,3,287,1686,0,0,0,1
1780426917,0,3,1,3,0,0,97,3,287,1686,0,0,0,1
1780426918,0,3,1,1,0,3,98,4,287,1686,0,0,0,1
1780426919,0,5,1,3,0,0,97,3,287,1686,0,0,0,1
1780426920,0,3,0,8,0,0,98,1,288,1685,0,0,0,1
1780426921,0,3,0,8,0,0,98,2,288,1685,0,0,0,1
1780426922,0,5,0,3,0,0,98,1,288,1685,0,0,0,1
1780426923,0,5,0,8,1,1,97,1,288,1685,0,0,0,1
1780426924,0,3,1,3,0,0,97,6,284,1689,0,0,0,1
1780426925,0,3,0,3,0,0,98,4,276,1697,0,0,0,1
1780426926,0,3,0,8,0,0,97,9,274,1699,0,0,0,1
1780426927,0,3,0,5,0,3,98,4,276,1697,0,0,0,1
1780426929,0,0,0,8,0,0,98,4,278,1695,0,0,0,1
1780426930,0,3,1,1,0,0,98,1,279,1694,0,0,0,1
1780426931,0,5,0,3,0,0,98,1,281,1692,0,0,0,1
1780426932,0,3,1,6,0,0,97,4,282,1692,0,0,0,1
1780426933,0,0,0,3,0,0,99,2,283,1690,0,0,0,1
1780426934,0,3,0,3,0,0,98,9,287,1686,0,0,0,1
1780426935,0,3,0,5,0,0,98,7,287,1686,0,0,0,1
1780426936,0,5,0,5,0,0,98,1,288,1685,0,0,0,1
1780426937,0,3,0,8,0,0,97,9,288,1685,0,0,0,1
1780426938,0,8,1,3,0,0,97,1,289,1684,0,0,0,1
1780426939,0,3,1,1,0,0,97,9,289,1684,0,0,0,1
1780426940,0,5,0,8,0,0,98,1,289,1684,0,0,0,1
1780426941,0,5,0,5,0,0,98,1,290,1683,0,0,0,1
1780426942,0,5,0,8,0,0,97,9,290,1683,0,0,0,1
1780426943,0,3,0,8,0,3,98,1,290,1683,0,0,0,1
1780426944,0,8,1,1,0,0,97,1,291,1683,0,0,0,1
1780426945,0,0,0,5,0,0,98,4,291,1683,0,0,0,1
1780426946,0,5,1,1,0,0,97,9,291,1683,0,0,0,1
1780426947,0,3,0,5,0,0,98,7,291,1683,0,0,0,1
1780426948,0,0,1,3,0,0,98,4,291,1683,0,0,0,1
1780426950,0,2,0,5,0,0,98,3,291,1683,0,0,0,1
1780426951,0,5,1,3,0,0,97,3,291,1683,0,0,0,1
1780426952,0,0,1,1,0,0,98,1,291,1682,0,0,0,1
1780426953,0,3,1,3,0,0,97,1,291,1682,0,0,0,1
1780426954,0,0,1,1,0,3,97,6,291,1682,0,0,0,1
1780426955,0,8,1,3,0,0,97,9,291,1682,0,0,0,1
1780426956,0,5,0,3,0,0,99,2,291,1682,0,0,0,1
1780426957,0,0,0,0,0,0,100,0,291,1682,0,0,0,1
1780426958,0,0,0,0,0,0,99,7,291,1682,0,0,0,1
1780426959,0,0,0,3,0,0,99,7,291,1682,0,0,0,1
1780426960,0,0,0,0,0,0,100,0,291,1682,0,0,0,1
1780426961,0,0,0,0,0,0,100,0,291,1682,0,0,0,1
1780426962,0,5,0,5,0,0,99,0,291,1682,0,0,0,1
1780426963,0,3,0,0,0,0,99,7,291,1682,0,0,0,1
1780426964,0,3,0,3,0,0,99,2,291,1682,0,0,0,1
1780426965,0,3,1,6,0,3,97,3,291,1682,0,0,0,1
1780426966,0,5,2,4,0,0,96,3,291,1682,0,0,0,1
1780426967,0,8,1,9,0,0,96,5,292,1682,0,0,0,1
1780426968,0,8,1,6,0,0,97,0,292,1682,0,0,0,1
1780426970,1,1,1,6,0,0,96,2,291,1682,0,0,0,1
1780426971,0,5,1,1,0,0,97,0,292,1681,0,0,0,1
1780426972,0,5,1,6,0,0,96,2,292,1681,0,0,0,1
1780426973,0,8,2,1,0,0,95,8,292,1681,0,0,0,1
1780426974,1,1,1,3,0,0,96,5,292,1681,0,0,0,1
1780426975,1,1,1,6,0,0,96,7,287,1686,1,0,0,1
1780426976,0,5,2,1,0,3,96,5,289,1684,0,0,0,2
1780426977,1,1,1,1,0,0,96,8,290,1683,0,0,0,1
1780426978,1,1,1,6,0,0,96,0,290,1683,0,0,0,2
1780426979,0,8,1,9,0,0,96,5,290,1683,0,0,0,1
1780426980,0,5,2,2,0,0,96,5,294,1679,0,0,0,1
1780426981,0,5,1,6,0,0,96,2,294,1679,0,0,0,1
1780426982,1,1,1,9,0,0,96,0,296,1677,0,0,0,1
1780426983,0,8,0,8,0,0,96,8,296,1677,0,0,0,1
1780426984,0,3,1,6,0,0,97,3,296,1677,0,0,0,1
1780426985,0,5,1,1,0,0,97,6,296,1677,0,0,0,1
1780426986,0,5,1,4,0,0,97,0,297,1676,0,0,0,1
1780426987,0,3,0,8,0,0,97,0,298,1675,0,0,1,2
1780426988,0,5,0,8,0,0,97,0,300,1673,0,0,0,1
1780426989,0,0,1,6,0,0,97,6,301,1672,0,0,0,2
1780426990,0,8,1,3,0,0,96,5,303,1670,0,0,0,1
1780426992,0,0,1,1,0,3,98,1,304,1669,0,0,0,1
1780426993,0,3,1,1,0,0,97,8,305,1668,0,0,0,1
1780426994,1,1,1,3,0,0,96,3,308,1666,0,0,0,1
1780426995,0,5,1,3,0,0,97,3,308,1665,0,0,0,1
1780426996,0,3,1,6,0,0,97,3,309,1664,0,0,0,1
1780426997,0,8,1,3,0,3,96,8,311,1662,0,0,1,1
1780426998,0,3,1,3,0,0,97,9,313,1660,0,0,0,1
1780426999,0,5,1,3,0,0,97,1,313,1660,0,0,0,2
1780427000,0,0,1,1,0,0,97,9,314,1659,0,0,0,1
1780427001,0,5,1,3,0,0,97,6,314,1659,0,0,0,2
1780427002,0,8,1,3,0,0,96,8,314,1659,0,0,0,1
1780427003,0,8,1,6,0,0,95,5,314,1659,0,0,0,1
1780427004,0,5,1,3,0,0,97,1,314,1659,0,0,0,1
1780427005,0,8,1,3,0,0,96,8,314,1659,0,0,0,1
1780427006,0,5,0,8,0,0,96,9,314,1659,0,0,0,1
1780427007,0,8,1,1,0,3,96,8,314,1659,0,0,0,1
1780427008,0,5,1,3,0,0,96,3,314,1659,0,0,1,1
1780427009,0,8,1,1,0,0,97,3,315,1658,0,0,0,1
1780427010,1,1,0,5,0,0,96,8,315,1658,0,0,0,1
1780427011,0,5,1,3,0,0,96,8,315,1658,0,0,0,1
1780427012,0,5,1,3,0,0,97,1,315,1658,0,0,0,1
1780427013,1,1,1,1,0,0,96,5,316,1657,0,0,0,1
1780427015,0,5,1,6,0,0,96,3,316,1657,0,0,0,1
1780427016,0,3,1,3,0,0,97,6,316,1657,0,0,0,1
1780427017,0,3,1,6,0,0,96,8,316,1657,0,0,0,1
1780427018,0,8,0,8,0,3,97,1,316,1657,0,0,1,2
1780427019,0,8,0,8,0,0,97,2,309,1664,0,0,0,1
1780427020,1,1,1,6,0,8,95,2,310,1663,0,0,0,1
1780427021,0,5,1,3,0,0,97,1,318,1655,0,0,0,1
1780427022,0,8,1,1,0,0,97,1,318,1655,0,0,0,1
1780427023,0,3,1,6,0,0,97,0,318,1655,0,0,0,1
1780427024,0,8,1,3,0,0,97,1,319,1655,0,0,0,1
1780427025,0,8,1,3,0,3,96,5,319,1655,0,0,0,1
1780427026,0,8,1,1,0,0,96,8,319,1655,0,0,1,1
1780427027,1,1,1,1,0,0,96,8,319,1655,0,0,0,1
1780427028,0,5,1,9,0,0,95,7,319,1655,0,0,0,1
1780427029,0,5,1,3,0,0,97,3,319,1654,0,0,0,1
1780427030,0,3,1,9,0,0,96,8,319,1654,0,0,0,1
1780427031,0,5,1,6,0,0,97,1,319,1654,0,0,0,1
1780427032,0,3,2,4,0,0,96,0,319,1654,0,0,0,1
1780427033,0,5,1,6,0,0,96,8,319,1654,0,0,0,1
1780427034,0,8,0,8,0,0,97,3,319,1654,0,0,0,1
1780427035,0,5,1,3,0,3,97,3,320,1654,0,0,1,1
1780427037,0,5,1,9,0,0,96,3,320,1654,0,0,0,1
1780427038,0,5,1,4,0,0,97,5,320,1654,0,0,0,1
1780427039,0,5,1,9,0,0,96,8,320,1654,0,0,0,1
1780427040,0,5,1,6,0,0,96,7,320,1654,0,0,0,1
1780427041,0,8,1,4,0,0,97,0,320,1654,0,0,0,1
1780427042,0,8,1,9,0,0,96,7,320,1653,0,0,0,1
1780427043,1,1,1,4,0,0,97,0,320,1653,0,0,0,1
1780427044,0,5,1,3,0,0,97,1,320,1653,0,0,0,1
1780427045,0,8,1,6,0,0,96,1,320,1653,0,0,0,1
1780427046,1,1,1,3,0,3,96,2,320,1653,0,0,0,2
1780427047,0,5,0,8,0,0,97,6,314,1660,0,0,0,1
1780427048,0,3,1,9,0,0,97,1,315,1658,0,0,0,1
1780427049,0,8,1,1,0,0,97,1,316,1657,0,0,0,1
1780427050,0,3,1,6,0,0,97,0,316,1657,0,0,0,1
1780427051,0,5,1,3,0,0,96,3,316,1657,0,0,0,1
1780427052,0,5,1,1,0,0,97,3,316,1657,0,0,0,1
1780427053,0,5,1,1,0,0,97,3,316,1657,0,0,0,1
1780427054,0,0,1,1,0,0,97,8,316,1657,0,0,0,1
1780427055,0,5,1,9,0,0,96,5,317,1657,0,0,0,2
1780427056,0,3,1,6,0,0,97,0,318,1655,0,0,0,1
1780427057,0,5,1,1,0,0,97,3,305,1668,0,0,0,1
1780427058,0,5,0,8,0,0,98,1,306,1667,0,0,0,1
1780427060,0,3,1,3,0,0,97,0,307,1666,0,0,0,1
1780427061,0,5,1,3,0,0,97,6,307,1666,0,0,0,1
1780427062,1,0,1,8,0,0,95,8,307,1666,0,0,0,1
1780427063,0,0,2,1,0,0,96,8,307,1666,0,0,0,1
1780427064,0,8,1,6,0,0,96,8,307,1666,0,0,0,1
1780427065,0,3,1,6,0,0,96,8,308,1665,0,0,0,1
1780427066,0,0,0,8,0,0,97,8,308,1665,0,0,0,1
1780427067,0,3,1,1,0,0,97,3,305,1668,0,0,0,1
1780427068,1,1,0,8,0,0,97,3,307,1666,0,0,0,1
1780427069,0,8,1,6,0,0,96,8,307,1666,0,0,0,1
1780427070,0,3,1,1,0,0,98,1,308,1665,0,0,0,1
1780427071,0,8,1,9,0,3,95,2,311,1662,0,0,0,1
1780427072,0,8,1,3,0,0,97,1,311,1662,0,0,0,1
1780427073,0,5,1,1,0,0,97,6,311,1662,0,0,0,1
1780427074,0,5,1,1,0,0,96,8,311,1662,0,0,0,1
1780427075,0,5,1,1,0,0,97,6,311,1662,0,0,0,1
1780427076,0,5,1,1,0,0,97,0,308,1665,0,0,0,1
1780427077,0,3,1,6,0,0,97,1,310,1663,0,0,0,1
1780427078,0,5,1,3,0,0,97,0,310,1663,0,0,0,1
1780427079,0,3,0,8,0,0,98,1,310,1663,0,0,0,1
1780427081,0,5,0,8,0,0,97,3,311,1662,0,0,0,1
1780427082,0,8,0,8,0,0,97,1,311,1662,0,0,0,1
1780427083,0,5,1,6,0,0,96,8,315,1658,0,0,0,1
1780427084,0,8,1,0,0,0,97,1,315,1658,0,0,0,2
1780427085,0,5,1,6,0,0,97,4,315,1658,0,0,0,1
1780427086,0,2,0,2,0,0,99,3,315,1658,0,0,0,1
1780427087,0,3,0,0,0,0,99,7,315,1658,0,0,0,1
1780427088,0,0,0,0,0,0,100,0,316,1657,0,0,0,1
1780427089,0,0,0,3,0,0,99,7,316,1657,0,0,0,1
1780427090,0,0,0,0,0,0,100,0,316,1657,0,0,0,1
1780427091,0,0,0,3,0,0,99,7,317,1657,0,0,0,1
1780427092,0,0,0,0,0,0,100,0,317,1656,0,0,0,1
1780427093,0,3,0,5,0,0,99,0,317,1656,0,0,0,1
1780427094,0,0,0,8,0,0,99,0,317,1656,0,0,0,1
1780427095,0,8,2,7,0,0,95,7,317,1656,0,0,0,1
1780427096,1,1,2,7,0,0,95,5,317,1656,0,0,1,1
1780427097,1,1,2,1,0,0,94,9,317,1656,0,0,0,2
1780427098,0,8,3,0,0,0,95,4,309,1664,0,0,0,1
1780427099,0,8,2,1,0,0,95,7,309,1664,0,0,0,1
1780427101,1,1,1,1,0,0,96,2,310,1663,0,0,1,1
1780427102,0,8,1,6,0,0,96,2,311,1662,0,0,0,2
1780427103,0,5,2,5,0,3,95,9,311,1662,0,0,0,1
1780427104,1,1,2,4,0,0,95,1,311,1662,0,0,0,1
1780427105,1,1,2,1,0,0,94,4,312,1661,0,0,1,1
1780427106,1,4,1,9,0,0,95,9,312,1661,0,0,0,2
1780427107,0,3,2,4,0,0,94,9,312,1661,0,0,0,1
1780427108,1,3,2,9,0,3,94,4,312,1661,0,0,0,1
1780427109,0,8,2,5,0,0,95,6,313,1660,0,0,1,1
1780427110,0,8,2,7,0,0,95,6,313,1660,0,0,0,2
1780427111,1,1,2,2,0,0,95,6,315,1658,0,0,0,1
1780427112,1,9,1,9,0,0,95,4,315,1658,0,0,0,1
1780427113,0,5,3,3,0,0,94,5,316,1657,0,0,0,1
1780427114,0,8,2,4,0,0,95,4,318,1655,0,0,0,2
1780427115,0,8,1,9,0,0,96,4,319,1654,0,0,0,1
1780427116,1,1,2,2,0,0,95,6,319,1654,12,9,0,1
1780427117,0,5,2,7,0,3,95,7,319,1654,0,0,0,1
1780427118,0,5,2,5,0,0,95,6,321,1653,0,0,0,1
1780427119,0,6,1,7,0,0,96,1,322,1651,0,0,0,1
1780427120,0,5,1,9,0,0,96,2,324,1649,0,0,0,1
1780427122,1,1,2,2,0,0,95,9,324,1649,0,0,0,1
1780427123,0,5,1,6,0,0,96,7,325,1648,0,0,0,1
1780427124,0,8,1,6,0,0,95,9,328,1645,0,0,0,1
1780427125,0,5,2,5,0,0,95,6,330,1643,0,0,0,1
1780427126,0,5,2,2,0,0,96,2,333,1640,0,0,0,1
1780427127,0,8,3,3,0,3,94,3,335,1638,0,0,1,1
1780427128,1,1,2,9,0,0,95,7,336,1637,0,0,0,1
1780427129,0,3,1,6,0,0,96,8,337,1636,0,0,0,1
1780427130,0,8,2,2,0,0,95,4,337,1636,0,0,0,1
1780427131,0,8,1,4,0,0,96,4,338,1635,0,0,1,1
1780427132,1,1,1,6,0,0,95,9,338,1635,0,0,0,1
1780427133,1,6,2,1,0,0,94,7,339,1634,0,0,0,1
1780427134,0,8,1,9,0,0,95,4,339,1634,0,0,0,1
1780427135,1,1,1,9,0,0,95,4,339,1634,0,0,0,2
1780427136,0,3,2,7,0,0,95,4,340,1633,0,0,0,1
1780427137,0,8,1,6,0,0,96,5,341,1633,0,0,0,1
1780427138,1,1,1,4,0,0,96,7,341,1632,0,0,1,1
1780427139,0,5,2,2,0,0,95,7,342,1631,0,0,0,2
1780427140,1,3,2,2,0,0,95,4,342,1631,0,0,0,1
1780427141,0,5,1,4,0,3,96,2,342,1631,0,0,0,1
1780427143,0,5,1,9,0,0,95,7,342,1631,0,0,1,1
1780427144,1,1,2,2,0,0,96,2,346,1627,0,0,0,2
1780427145,1,6,1,9,0,0,95,2,346,1627,0,0,0,1
1780427146,0,8,1,9,0,0,95,4,342,1631,0,0,0,1
1780427147,1,1,1,6,0,0,95,7,342,1631,0,0,0,1
1780427148,0,8,2,4,0,0,94,9,342,1631,0,0,0,2
1780427149,1,1,1,9,0,0,95,4,342,1631,0,0,0,1
1780427150,1,3,1,9,0,0,95,1,342,1631,0,0,0,1
1780427151,1,1,1,9,0,0,95,2,343,1631,0,0,1,1
1780427152,0,5,1,6,0,3,96,0,342,1631,0,0,0,2
1780427153,0,3,2,2,0,0,96,2,341,1632,0,0,0,1
1780427154,0,5,3,2,0,0,95,4,343,1630,0,0,0,1
1780427155,1,1,2,2,0,0,95,7,343,1630,0,0,1,1
1780427156,1,1,2,4,0,0,94,9,342,1631,0,0,0,1
1780427157,1,1,2,7,0,0,94,9,342,1631,0,0,0,1
1780427158,0,8,1,9,0,0,96,2,342,1631,0,0,0,1
1780427159,1,1,1,6,0,0,96,3,343,1630,0,0,0,2
1780427160,0,8,2,7,0,0,94,9,346,1628,0,0,0,1
1780427161,0,8,1,6,0,0,96,7,346,1627,0,0,0,1
1780427162,1,1,2,2,0,0,95,4,346,1627,0,0,0,1
1780427163,1,1,1,9,0,0,95,4,347,1626,0,0,1,1
1780427165,1,1,3,2,0,0,94,4,347,1626,0,0,0,2
1780427166,0,8,2,2,0,0,95,4,347,1626,0,0,0,1
1780427167,1,1,1,9,0,0,96,5,348,1625,0,0,0,1
1780427168,0,5,1,6,0,0,96,5,347,1626,0,0,0,1
1780427169,0,8,2,6,0,0,94,7,348,1625,0,0,0,2
1780427170,1,1,1,9,0,0,95,2,349,1624,0,0,0,1
1780427171,1,3,2,7,0,0,94,6,350,1623,0,0,0,1
1780427172,1,1,2,2,0,3,95,2,351,1622,0,0,1,1
1780427173,0,8,2,4,0,0,95,2,350,1623,0,0,0,1
1780427174,0,8,2,7,0,0,94,9,340,1633,0,0,0,1
1780427175,0,8,2,4,0,0,95,2,341,1632,0,0,0,1
1780427176,0,8,2,1,0,0,96,2,340,1633,0,0,1,1
1780427177,0,8,2,7,0,0,95,4,341,1633,0,0,0,1
1780427178,0,8,2,4,0,0,94,8,342,1631,0,0,0,1
1780427179,0,5,1,9,0,0,96,2,342,1631,0,0,0,1
1780427180,1,9,2,2,0,0,94,3,343,1631,0,0,1,1
1780427181,1,4,2,4,0,0,94,6,343,1631,0,0,0,1
1780427182,0,5,2,2,0,3,95,9,343,1631,0,0,0,1
1780427183,0,8,1,9,0,0,96,4,343,1631,0,0,0,1
1780427184,1,4,1,6,0,0,95,6,343,1630,0,0,1,1
1780427186,1,1,2,7,0,0,94,4,343,1630,0,0,0,1
1780427187,0,8,2,2,0,0,95,9,330,1643,0,0,0,1
1780427188,0,8,1,9,0,0,95,6,331,1642,0,0,0,1
1780427189,1,1,1,9,0,0,96,2,333,1640,0,0,1,1
1780427190,1,4,2,2,0,0,95,4,333,1640,0,0,0,1
1780427191,0,5,1,9,0,0,96,2,334,1640,0,0,0,1
1780427192,1,1,3,2,0,0,94,3,334,1640,0,0,0,1
1780427193,1,1,2,2,0,0,95,1,336,1638,0,0,0,1
1780427194,0,5,2,2,0,0,95,9,336,1638,0,0,0,1
1780427195,1,6,2,4,0,0,94,6,336,1637,0,0,0,1
1780427196,1,1,3,0,0,0,94,3,336,1637,0,0,0,1
1780427197,0,8,3,0,0,3,94,9,334,1639,0,0,1,1
1780427198,0,5,2,5,0,0,95,6,334,1639,0,0,0,1
1780427199,0,3,3,0,0,0,95,9,334,1639,0,0,0,1
1780427200,1,4,1,9,0,0,95,9,336,1637,0,0,0,1
1780427201,0,5,2,7,0,0,95,6,336,1637,0,0,0,1
1780427202,0,8,2,4,0,0,95,5,338,1635,0,0,1,2
1780427203,0,8,1,9,0,0,96,0,339,1634,0,0,0,1
1780427204,1,1,2,2,0,0,95,4,339,1634,0,0,0,1
1780427206,0,5,2,2,0,0,95,7,339,1634,0,0,0,1
1780427207,0,5,2,9,0,0,94,9,339,1634,0,0,0,2
1780427208,1,1,2,2,0,3,95,4,339,1634,0,0,0,1
1780427209,1,3,2,2,0,0,95,7,339,1634,0,0,0,1
1780427210,1,1,2,2,0,0,95,7,339,1634,0,0,1,1
1780427211,0,5,2,7,0,0,94,9,339,1634,0,0,0,1
1780427212,1,1,2,4,0,0,94,9,339,1634,0,0,0,1
1780427213,0,5,1,9,0,0,96,4,340,1634,0,0,0,1
1780427214,0,5,2,4,0,0,96,2,340,1634,0,0,1,1
1780427215,0,3,0,8,0,0,98,7,341,1632,0,0,0,1
1780427216,0,0,0,0,0,0,100,0,342,1632,0,0,0,1
1780427217,0,0,0,0,0,0,100,0,342,1632,0,0,0,1
1780427218,0,0,0,5,0,0,99,2,342,1631,0,0,0,1
1780427219,0,0,0,0,0,0,100,0,342,1631,0,0,0,1
1780427220,0,0,0,0,0,0,100,0,343,1630,0,0,0,1
1780427221,0,3,0,0,0,0,99,7,343,1630,0,0,0,1
1780427222,0,0,0,0,0,0,100,0,344,1629,0,0,0,1
1780427223,0,0,0,0,0,0,99,7,346,1627,0,0,0,1
1780427224,0,0,0,8,0,3,98,2,346,1627,0,0,0,1
1780427225,1,6,2,7,0,0,94,5,346,1627,0,0,0,1
1780427226,0,8,2,5,0,0,95,3,346,1627,0,0,0,1
1780427228,1,6,2,7,0,0,94,6,346,1627,0,0,0,1
1780427229,0,8,2,2,0,0,95,6,346,1627,0,0,0,1
1780427230,1,1,3,2,0,3,94,3,347,1626,0,0,0,1
1780427231,1,1,2,5,0,0,95,4,347,1626,0,0,0,1
1780427232,0,8,3,0,0,0,94,9,347,1626,0,0,0,1
1780427233,1,6,1,6,0,0,95,4,347,1626,0,0,0,1
1780427234,1,1,3,0,0,0,95,4,347,1626,0,0,0,1
1780427235,0,8,2,2,0,0,95,1,347,1626,0,0,0,2
1780427236,1,9,2,9,0,0,93,0,347,1626,0,0,0,2
1780427237,0,5,3,5,0,0,94,3,347,1626,0,0,0,2
1780427238,1,6,2,4,0,0,94,8,347,1626,0,0,0,2
1780427239,1,4,2,7,0,0,94,8,348,1625,0,0,0,2
1780427240,0,8,3,0,0,3,94,1,348,1625,0,0,0,2
1780427241,1,1,2,5,0,0,95,9,348,1625,0,0,0,2
1780427242,0,8,2,5,0,0,95,4,348,1625,0,0,0,2
1780427243,0,8,1,6,0,0,95,9,342,1631,0,0,0,2
1780427244,1,6,3,0,0,0,94,3,343,1630,0,0,0,2
1780427245,1,1,1,9,0,0,95,6,344,1629,0,0,1,2
1780427246,1,4,3,5,0,0,94,1,344,1629,0,0,1,1
1780427247,0,8,2,7,0,0,94,9,346,1627,0,0,1,1
1780427249,0,5,2,2,0,0,95,9,346,1627,0,0,1,1
1780427250,1,6,3,2,0,3,93,3,346,1627,0,0,1,1
1780427251,1,1,2,7,0,0,94,3,346,1627,0,0,1,1
1780427252,0,5,3,3,0,0,95,1,348,1625,0,0,0,1
1780427253,1,1,3,5,0,0,93,6,348,1625,0,0,1,1
1780427254,1,1,2,2,0,0,94,8,350,1623,0,0,1,1
1780427255,1,1,3,5,0,3,93,8,355,1618,0,0,0,2
1780427256,1,3,3,2,0,0,94,1,358,1615,0,0,0,1
1780427257,0,5,3,0,0,0,94,3,359,1614,0,0,0,2
1780427258,1,1,2,7,0,0,95,1,360,1613,0,0,0,2
1780427259,1,1,2,2,0,0,95,6,356,1617,0,0,0,2
1780427260,1,1,3,6,0,0,94,8,359,1614,0,0,0,2
1780427261,1,1,3,3,0,0,94,3,359,1614,0,0,0,2
1780427262,1,9,3,6,0,0,93,7,360,1613,0,0,0,2
1780427263,0,8,3,6,0,0,94,0,362,1611,0,0,0,2
1780427264,1,1,3,0,0,0,94,3,362,1611,0,0,0,2
1780427265,1,7,1,9,0,3,94,5,362,1611,0,0,0,1
1780427266,1,1,3,3,0,0,94,2,354,1619,0,0,0,2
1780427267,0,8,3,8,0,0,94,0,354,1619,0,0,0,1
1780427268,0,8,2,4,0,0,95,7,354,1619,0,0,0,2
1780427270,1,4,3,3,0,0,94,5,355,1618,0,0,0,2
1780427271,1,4,2,7,0,8,93,4,356,1617,0,0,0,2
1780427272,1,9,3,3,0,0,93,7,356,1617,0,0,0,2
1780427273,1,6,3,3,0,0,93,5,356,1617,0,0,0,2
1780427274,0,6,2,8,0,0,95,3,356,1617,0,0,0,2
1780427275,1,6,3,6,0,0,93,7,358,1615,1,0,1,1
1780427276,0,8,1,9,0,0,94,8,358,1615,0,0,1,1
1780427277,1,4,2,7,0,0,93,5,359,1615,0,0,1,1
1780427278,1,6,3,5,0,0,94,0,359,1615,0,0,1,1
1780427279,1,4,3,3,0,0,93,5,359,1615,2,0,1,1
1780427280,0,5,3,2,0,0,94,1,359,1614,0,0,0,1
1780427281,1,1,3,8,0,0,93,5,360,1613,0,0,0,1
1780427282,1,1,3,0,0,0,94,9,360,1613,0,0,1,1
1780427283,1,6,2,4,0,0,95,7,360,1613,0,0,1,1
1780427284,0,8,1,9,0,0,95,6,361,1612,0,0,1,1
1780427285,1,1,2,7,0,3,94,1,361,1612,0,0,1,1
1780427286,0,6,1,7,0,0,96,4,361,1612,0,0,0,2
1780427287,1,4,2,2,0,0,94,3,362,1611,0,0,1,1
1780427288,1,1,2,7,0,0,95,1,363,1610,0,0,1,1
1780427289,1,1,2,5,0,0,95,4,364,1609,0,0,1,1
1780427291,1,1,3,0,0,0,94,6,364,1609,0,0,0,2
1780427292,1,1,2,7,0,0,94,6,364,1609,0,0,1,1
1780427293,0,5,2,4,0,0,95,1,364,1609,0,0,1,2
1780427294,0,3,3,2,0,0,93,8,366,1607,0,0,0,2
1780427295,1,1,2,2,0,0,95,1,366,1607,0,0,0,2
1780427296,1,3,3,7,0,3,93,1,366,1607,0,0,1,1
1780427297,1,1,2,2,0,0,95,1,366,1607,0,0,0,2
1780427298,1,6,3,2,0,0,93,5,361,1612,0,0,0,2
1780427299,1,3,2,7,0,0,93,3,363,1610,0,0,0,2
1780427300,0,8,3,8,0,0,94,3,363,1610,0,0,0,1
1780427301,0,8,2,7,0,0,94,4,364,1609,0,0,1,2
1780427302,1,1,2,9,0,0,94,4,365,1608,0,0,0,2
1780427303,1,6,1,9,0,0,95,2,365,1608,0,0,0,1
1780427304,1,1,2,4,0,0,94,7,365,1608,0,0,0,1
1780427305,1,1,2,9,0,3,93,6,365,1608,0,0,0,1
1780427306,1,3,3,2,0,0,93,9,365,1608,0,0,0,1
1780427307,0,8,4,0,0,0,93,8,358,1615,0,0,0,1
1780427308,0,6,1,4,0,0,96,7,360,1613,0,0,0,1
1780427309,0,5,3,5,0,0,94,1,360,1613,0,0,0,1
1780427310,1,1,3,5,0,0,93,9,361,1612,0,0,0,2
1780427312,1,6,3,5,0,0,93,3,361,1612,0,0,0,2
1780427313,1,6,3,5,0,0,93,6,361,1612,0,0,0,2
1780427314,1,3,2,9,0,0,94,1,361,1612,0,0,0,2
1780427315,1,1,3,5,0,0,94,1,361,1612,0,0,0,1
1780427316,1,4,1,9,0,3,94,8,361,1612,0,0,0,1
1780427317,1,3,2,4,0,0,93,9,362,1611,0,0,0,1
1780427318,1,1,3,2,0,0,94,3,353,1620,0,0,0,2
1780427319,1,3,2,4,0,0,94,1,355,1618,0,0,1,1
1780427320,2,6,5,5,0,0,89,1,356,1618,0,0,0,2
1780427321,1,4,3,5,0,0,93,5,356,1617,0,0,1,1
1780427322,2,2,3,5,0,0,92,5,357,1616,0,0,0,1
1780427323,1,3,2,9,0,0,93,6,357,1616,1,0,0,1
1780427324,1,4,2,2,0,0,95,4,357,1616,0,0,0,1
1780427325,1,9,2,7,0,0,94,1,360,1613,0,0,0,1
1780427326,0,8,2,7,0,0,94,6,360,1613,0,0,0,1
1780427327,1,3,4,0,0,0,93,3,360,1613,0,0,0,1
1780427329,1,3,4,0,0,0,92,8,361,1612,0,0,0,1
1780427330,1,6,2,9,0,0,93,8,361,1612,0,0,0,2
1780427331,1,4,2,5,0,0,95,1,361,1612,0,0,0,2
1780427332,1,1,2,4,0,0,94,1,358,1615,0,0,0,2
1780427333,1,3,3,0,0,0,94,4,358,1615,0,0,0,2
1780427334,1,4,3,8,0,0,93,8,360,1613,0,0,0,2
1780427335,1,1,2,7,0,0,94,9,361,1612,0,0,0,2
1780427336,1,3,3,5,0,3,93,8,361,1612,0,0,0,2
1780427337,1,4,2,7,0,0,95,1,363,1610,0,0,0,1
1780427338,1,4,3,0,0,0,94,1,363,1610,0,0,0,2
1780427339,1,6,2,9,0,0,93,9,363,1610,0,0,0,1
1780427340,1,4,2,7,0,0,94,3,363,1610,0,0,0,2
1780427341,0,8,3,8,0,0,93,3,363,1610,0,0,0,2
1780427342,1,6,3,2,0,0,93,1,356,1617,0,0,0,1
1780427343,0,8,3,5,0,0,93,8,356,1617,0,0,0,2
1780427344,1,1,3,7,0,0,93,6,358,1615,0,0,0,1
1780427345,0,0,0,3,0,0,99,5,358,1615,0,0,0,1
1780427346,0,3,0,5,0,3,99,0,358,1615,0,0,0,1
1780427347,0,0,0,3,0,0,99,7,358,1615,0,0,0,1
1780427349,0,3,0,3,0,0,99,0,358,1615,0,0,0,1
1780427350,0,0,0,0,0,0,99,7,358,1615,0,0,0,1
1780427351,0,3,0,8,0,0,99,0,359,1614,0,0,0,1
1780427352,0,0,0,3,0,0,99,7,359,1614,0,0,0,1
1780427353,0,0,0,0,0,0,100,0,359,1614,0,0,0,1
1780427354,0,0,0,5,0,0,99,2,359,1614,0,0,0,1
1780427355,0,8,2,2,0,0,96,7,360,1614,0,0,0,2
1780427356,1,6,3,8,0,0,93,2,360,1613,0,0,1,1
1780427357,1,6,3,8,0,0,93,2,360,1613,0,0,0,1
1780427358,1,6,3,0,0,3,92,9,361,1612,0,0,0,2
1780427359,1,4,3,1,0,0,94,7,361,1612,0,0,1,1
1780427360,1,7,2,8,0,0,95,0,361,1612,0,0,0,1
1780427361,1,1,4,3,0,0,93,0,361,1612,0,0,0,1
1780427362,1,4,3,9,0,0,93,7,361,1612,0,0,1,1
1780427363,1,9,3,3,0,3,92,9,361,1612,0,0,0,1
1780427364,0,6,3,9,0,0,94,2,357,1616,0,0,0,2
1780427365,1,1,4,6,0,0,92,4,357,1616,0,0,1,1
1780427366,1,6,4,1,0,0,93,4,358,1615,0,0,0,1
1780427367,1,6,3,3,0,0,93,4,358,1615,0,0,0,1
1780427368,1,7,3,6,0,0,93,1,358,1615,0,0,1,1
1780427370,2,4,4,1,0,0,91,9,358,1615,0,0,0,1
1780427371,1,4,3,6,0,0,94,0,358,1615,0,0,0,1
1780427372,0,3,3,5,0,0,94,6,355,1618,0,0,0,2
1780427373,1,6,3,8,0,0,93,5,355,1618,0,0,0,1
1780427374,1,4,3,0,0,3,94,2,356,1617,0,0,0,1
1780427375,1,4,4,3,0,0,93,2,356,1617,0,0,0,1
1780427376,2,2,3,0,0,0,92,9,356,1617,0,0,1,1
1780427377,1,6,3,2,0,0,93,2,356,1617,0,0,0,1
1780427378,1,4,3,5,0,0,94,0,356,1617,0,0,0,2
1780427379,0,8,3,8,0,0,94,5,357,1617,0,0,1,1
1780427380,1,1,2,7,0,0,94,3,358,1615,0,0,0,1
1780427381,1,4,3,8,0,0,93,7,359,1614,0,0,0,1
1780427382,1,1,4,0,0,0,92,8,361,1612,0,0,1,1
1780427383,1,3,3,5,0,3,93,0,366,1607,0,0,0,1
1780427384,1,6,3,8,0,0,93,2,369,1604,0,0,0,1
1780427385,1,1,4,1,0,0,94,3,372,1601,0,0,0,1
1780427386,1,3,4,0,0,0,93,5,377,1596,0,0,0,1
1780427387,1,3,3,8,0,0,92,7,378,1595,0,0,0,2
1780427389,0,8,3,6,0,0,94,0,379,1595,0,0,1,1
1780427390,1,1,4,5,0,0,92,3,381,1593,0,0,0,1
1780427391,1,6,3,2,0,0,94,4,382,1592,0,0,0,2
1780427392,1,1,2,7,0,0,94,4,382,1592,0,0,0,1
1780427393,0,8,2,4,0,0,94,9,383,1590,0,0,1,1
1780427394,0,8,2,7,0,0,94,9,384,1589,0,0,0,1
1780427395,1,6,3,8,0,0,93,8,385,1588,1,0,0,1
1780427396,1,6,3,2,0,0,94,4,385,1588,0,0,0,1
1780427397,1,3,2,9,0,0,94,4,386,1587,0,0,0,1
1780427398,1,6,2,7,0,0,94,1,386,1587,0,0,0,1
1780427399,0,8,3,2,1,3,93,3,386,1587,0,0,0,2
1780427400,1,1,2,2,0,0,94,9,390,1583,0,0,0,2
1780427401,1,3,2,9,0,0,94,1,390,1583,0,0,1,1
1780427402,1,3,4,3,0,0,93,1,390,1583,0,0,1,1
1780427403,0,8,3,3,0,0,94,5,390,1583,0,0,0,1
1780427404,1,6,4,3,0,0,92,2,391,1582,0,0,0,1
1780427405,1,1,4,1,0,0,93,0,391,1582,0,0,0,2
1780427406,1,6,3,0,0,0,93,8,382,1591,0,0,1,1
1780427407,0,8,3,3,0,0,94,5,384,1589,0,0,0,1
1780427408,1,1,3,3,0,3,94,3,387,1586,0,0,0,1
1780427409,1,4,4,1,0,0,92,8,397,1576,0,0,1,1
1780427411,1,1,3,5,0,0,93,5,399,1574,12,9,0,1
1780427412,1,3,3,8,0,0,92,7,399,1574,0,0,0,1
1780427413,1,4,2,7,0,0,93,8,399,1574,0,0,0,2
1780427414,1,1,3,2,0,0,94,4,399,1574,0,0,1,1
1780427415,0,8,3,5,0,0,94,0,399,1574,0,0,0,1
1780427416,0,8,3,5,0,3,93,8,399,1574,0,0,0,1
1780427417,1,6,3,8,0,0,93,2,399,1574,0,0,0,2
1780427418,1,6,2,4,0,0,94,3,399,1574,0,0,0,1
1780427419,0,8,3,8,0,0,94,0,401,1572,0,0,1,1
1780427420,1,6,3,2,0,0,93,8,393,1580,0,0,0,1
1780427421,1,3,3,8,0,3,92,5,393,1580,0,0,0,2
1780427422,0,8,4,1,0,0,93,5,395,1578,0,0,1,1
1780427423,1,6,3,7,0,0,93,1,394,1579,0,0,0,1
1780427424,2,1,2,4,0,0,94,4,394,1579,0,0,0,2
1780427425,1,6,4,3,0,0,92,5,395,1578,0,0,1,1
1780427426,1,1,3,8,0,0,94,0,397,1576,0,0,0,1
1780427427,0,8,3,8,0,0,93,2,397,1576,0,0,0,1
1780427428,1,4,3,3,0,0,94,3,397,1576,0,0,0,2
1780427429,1,1,3,3,0,0,94,3,397,1576,0,0,1,1
1780427430,1,6,3,0,0,3,94,0,398,1575,0,0,0,1
1780427432,1,9,3,0,0,0,94,1,398,1575,0,0,0,1
1780427433,1,1,2,2,0,0,95,6,398,1575,0,0,0,1
1780427434,1,1,3,2,0,0,93,8,399,1574,0,0,0,2
1780427435,1,6,3,3,0,0,93,4,399,1574,0,0,0,1
1780427436,0,3,3,8,0,0,94,6,399,1574,0,0,0,1
1780427437,1,6,3,8,0,0,93,3,399,1574,1,0,0,2
1780427438,1,1,2,7,0,0,94,5,399,1574,0,0,0,1
1780427439,1,6,3,0,0,0,94,0,399,1574,0,0,0,1
1780427440,1,6,3,8,0,0,93,5,399,1574,0,0,0,2
1780427441,1,4,2,7,0,3,94,0,398,1576,0,0,0,1
1780427442,1,1,5,1,0,0,93,2,398,1576,0,0,0,2
1780427443,1,1,3,8,0,0,93,5,399,1575,0,0,1,1
1780427444,1,1,2,7,0,0,94,3,391,1582,0,0,0,1
1780427445,1,4,3,0,0,0,95,1,391,1582,0,0,0,2
1780427446,1,1,4,9,0,0,92,7,391,1582,0,0,0,1
1780427447,1,6,2,2,0,0,94,8,391,1582,0,0,0,1
1780427448,2,1,3,5,0,0,92,8,385,1588,0,0,0,2
1780427449,0,8,3,3,0,0,94,6,384,1589,0,0,1,1
1780427451,1,9,3,3,0,3,93,2,387,1586,0,0,0,1
1780427452,1,6,4,1,0,0,93,4,387,1586,0,0,0,2
1780427453,1,6,3,3,0,0,93,5,387,1586,0,0,0,1
1780427454,1,9,3,8,0,0,92,9,388,1586,0,0,0,1
1780427455,2,1,2,7,0,0,92,8,381,1592,0,0,0,1
1780427456,1,6,3,5,0,0,93,8,381,1592,0,0,0,2
1780427457,1,9,3,6,0,0,93,2,382,1591,0,0,1,1
1780427458,1,1,3,6,0,0,94,5,383,1590,0,0,0,1
1780427459,1,1,3,6,0,0,94,2,383,1590,0,0,0,1
1780427460,1,1,3,0,0,0,95,0,383,1590,0,0,0,2
1780427461,1,6,4,1,0,3,92,6,383,1590,0,0,1,1
1780427462,1,7,3,0,0,0,93,9,383,1590,0,0,0,1
1780427463,1,4,4,6,0,0,92,7,383,1590,0,0,0,1
1780427464,1,6,3,8,0,0,93,2,383,1590,0,0,0,2
1780427465,1,4,3,6,0,0,93,7,383,1590,0,0,1,1
1780427466,0,8,4,4,0,0,93,4,384,1589,0,0,0,1
1780427467,1,4,3,8,0,0,93,1,384,1589,0,0,0,1
1780427468,1,4,2,8,0,0,94,7,384,1589,0,0,0,2
1780427469,0,8,3,3,0,0,94,2,384,1589,0,0,1,1
1780427471,0,6,3,3,0,0,94,4,385,1589,0,0,0,1
1780427472,1,7,3,0,0,0,93,9,385,1588,0,0,0,1
1780427473,1,4,3,3,0,0,93,9,385,1588,0,0,1,1
1780427474,1,4,3,8,0,0,93,2,385,1588,0,0,0,1
1780427475,1,6,2,9,0,0,94,5,385,1588,0,0,0,1
1780427476,0,0,0,3,0,0,99,7,385,1588,0,0,0,1
1780427477,0,5,0,5,0,0,99,0,385,1588,0,0,0,1
1780427478,0,0,0,3,0,0,99,7,385,1588,0,0,0,1
1780427479,0,0,0,0,0,0,100,0,385,1588,0,0,0,1
1780427480,0,3,0,8,0,0,98,7,385,1588,0,0,0,1
1780427481,0,0,0,0,0,0,100,0,385,1588,0,0,0,1
1780427482,0,0,0,5,0,0,99,2,385,1588,0,0,0,1
1780427483,0,0,0,0,0,0,100,0,385,1588,0,0,0,1
1780427484,0,0,0,3,0,0,99,7,385,1588,1,0,0,1
1780427485,2,2,3,6,0,0,93,2,386,1587,0,0,0,1
1780427486,1,1,3,8,0,0,93,4,386,1587,0,0,0,2
1780427487,1,4,3,8,0,3,92,7,386,1587,0,0,0,1
1780427488,1,1,4,4,0,0,93,2,386,1587,0,0,0,2
1780427489,1,6,4,8,0,0,91,4,386,1587,0,0,1,1
1780427491,2,2,4,4,0,0,92,9,387,1586,0,0,0,2
1780427492,1,6,4,1,0,0,93,5,384,1589,0,0,0,1
1780427493,1,6,3,8,0,0,92,7,385,1588,0,0,0,2
1780427494,1,9,4,6,0,0,91,9,387,1587,0,0,0,1
1780427495,1,1,4,1,0,0,93,2,387,1586,0,0,0,2
1780427496,2,2,4,3,0,0,91,1,387,1586,0,0,0,1
1780427497,1,1,2,1,0,0,95,2,387,1586,0,0,1,1
1780427498,1,4,4,9,0,3,92,4,387,1586,0,0,0,1
1780427499,1,4,4,9,0,0,92,7,387,1586,0,0,1,1
1780427500,1,4,4,4,0,0,93,4,387,1586,0,0,0,1
1780427501,1,1,3,5,0,0,92,9,387,1586,0,0,0,2
1780427502,1,9,3,0,0,0,93,4,387,1586,0,0,0,1
1780427503,1,9,3,8,1,1,91,8,387,1586,0,0,0,2
1780427504,1,6,2,2,0,0,93,7,387,1586,0,0,1,1
1780427505,1,4,3,3,0,0,93,9,387,1586,0,0,0,2
1780427506,1,1,2,5,0,0,94,5,387,1586,0,0,0,1
1780427507,1,4,3,8,0,0,93,2,388,1586,0,0,1,1
1780427508,1,1,4,1,0,0,92,9,388,1585,0,0,0,1
1780427509,1,6,3,0,0,0,93,5,388,1585,0,0,0,1
1780427510,2,2,4,0,0,0,91,9,389,1584,0,0,0,2
1780427512,1,6,5,1,0,0,91,7,390,1584,0,0,0,1
1780427513,2,7,4,8,0,3,90,2,394,1579,0,0,0,1
1780427514,0,8,3,3,0,0,94,7,395,1578,0,0,1,1
1780427515,1,6,4,3,0,0,92,4,397,1576,0,0,0,1
1780427516,0,8,3,8,0,0,94,0,401,1572,0,0,1,1
1780427517,1,6,3,3,0,0,93,7,404,1569,0,0,0,1
1780427518,1,9,3,8,0,0,92,7,404,1569,0,0,1,1
1780427519,1,4,3,8,0,0,92,9,406,1567,0,0,0,1
1780427520,1,1,3,8,0,0,93,2,404,1570,0,0,1,1
1780427521,1,4,4,3,0,0,92,7,404,1569,0,0,0,1
1780427522,1,9,4,1,0,0,92,3,405,1569,0,0,0,2
1780427523,1,9,4,0,0,0,91,9,405,1568,0,0,0,1
1780427524,1,4,3,6,0,0,93,6,405,1568,0,0,1,2
1780427525,1,6,4,3,0,0,92,4,405,1568,0,0,0,1
1780427526,1,9,4,1,0,0,92,4,405,1568,0,0,0,2
1780427527,1,4,3,6,0,0,93,7,408,1565,0,0,0,1
1780427528,1,1,3,8,0,3,93,2,410,1563,0,0,0,2
1780427529,1,1,3,8,0,0,93,2,410,1564,0,0,0,1
1780427530,1,9,4,6,0,0,93,0,410,1563,0,0,0,2
1780427531,1,6,4,4,0,0,92,4,403,1570,0,0,0,1
1780427533,1,4,3,8,0,0,92,9,403,1570,0,0,0,2
1780427534,0,5,4,1,0,0,94,0,404,1569,0,0,0,1
1780427535,1,9,3,0,0,0,92,7,404,1569,0,0,0,2
1780427536,2,4,3,8,0,0,92,7,404,1569,0,0,0,1
1780427537,0,6,3,6,0,0,94,2,404,1569,0,0,0,2
1780427538,1,9,3,5,0,0,92,6,405,1569,0,0,0,1
1780427539,1,6,4,1,0,0,92,6,406,1567,0,0,1,1
1780427540,2,2,5,1,0,0,91,3,407,1567,0,0,0,2
1780427541,1,4,4,1,0,0,92,9,407,1566,0,0,0,1
1780427542,1,4,4,6,0,0,92,4,408,1566,0,0,0,2
1780427543,1,1,4,6,0,3,92,2,408,1566,0,0,1,1
1780427544,1,1,3,6,0,0,93,2,408,1565,0,0,0,1
1780427545,1,6,3,8,0,0,92,9,408,1565,0,0,1,1
1780427546,1,4,4,3,0,0,92,4,409,1564,0,0,0,1
1780427547,1,4,4,6,0,0,92,6,409,1564,0,0,0,1
1780427548,1,1,3,1,0,0,94,4,409,1564,0,0,0,1
1780427549,2,2,5,4,0,0,90,8,409,1564,0,0,0,2
1780427550,1,4,4,3,0,0,92,4,410,1563,0,0,0,1
1780427551,2,2,4,1,0,0,92,6,410,1563,0,0,0,2
1780427552,1,9,3,3,0,0,93,2,410,1563,0,0,0,1
1780427554,1,4,3,8,0,3,92,9,410,1563,0,0,0,2
1780427555,2,1,3,7,0,0,92,5,410,1563,0,0,0,1
1780427556,1,6,4,1,0,0,92,7,410,1563,0,0,0,2
1780427557,1,9,3,5,0,0,92,8,410,1563,0,0,0,1
1780427558,1,4,3,8,0,0,92,7,409,1564,0,0,1,1
1780427559,2,2,4,3,0,0,92,2,411,1562,0,0,0,1
1780427560,1,4,4,4,0,0,92,9,411,1562,0,0,1,1
1780427561,1,6,4,1,0,0,92,4,412,1562,0,0,0,1
1780427562,1,1,3,6,0,0,94,0,412,1562,0,0,0,2
1780427563,1,9,5,1,0,0,90,8,412,1561,0,0,0,1
1780427564,1,6,4,1,0,0,92,6,412,1561,0,0,0,2
1780427565,1,6,3,3,0,0,93,7,413,1561,0,0,0,1
1780427566,1,9,3,8,0,0,92,9,413,1561,0,0,0,2
1780427567,1,1,3,8,0,0,93,2,413,1560,0,0,1,1
1780427568,1,4,3,0,0,3,93,4,413,1560,0,0,0,2
1780427569,1,1,3,8,0,0,93,7,413,1560,0,0,0,1
1780427570,1,6,4,1,0,0,93,2,413,1560,0,0,0,1
1780427571,2,2,3,8,0,0,92,4,413,1560,0,0,0,1
1780427572,1,6,4,9,0,0,92,1,410,1563,0,0,1,1
1780427574,1,1,3,6,0,0,93,6,409,1564,0,0,0,1
1780427575,1,1,4,4,0,0,92,6,406,1567,0,0,0,1
1780427576,2,4,4,6,0,0,91,6,406,1567,0,0,0,1
1780427577,2,2,4,1,0,0,92,0,407,1566,1,0,0,2
1780427578,1,9,3,8,0,0,93,0,407,1566,0,0,0,1
1780427579,1,1,4,3,0,0,93,2,407,1566,0,0,1,1
1780427580,2,4,4,3,0,0,91,7,407,1566,0,0,0,2
1780427581,1,6,4,9,0,0,92,2,408,1565,0,0,0,1
1780427582,1,4,5,1,0,0,92,4,407,1567,0,0,0,2
1780427583,2,2,4,0,0,3,92,2,408,1565,0,0,0,2
1780427584,2,9,5,6,0,0,89,6,402,1571,0,0,1,1
1780427585,1,6,4,3,0,0,92,2,402,1571,0,0,0,2
1780427586,1,4,3,8,0,0,93,2,402,1571,0,0,0,1
1780427587,0,8,2,8,0,0,95,0,404,1569,0,0,0,2
1780427588,2,2,5,2,0,0,90,8,404,1569,0,0,0,2
1780427589,2,4,4,0,0,0,92,5,404,1569,0,0,0,2
1780427590,2,4,4,1,0,0,92,7,408,1565,0,0,0,2
1780427591,0,8,4,1,0,0,92,9,408,1565,0,0,1,1
1780427593,2,4,5,2,0,0,90,5,409,1564,0,0,0,1
1780427594,1,9,4,7,0,3,91,2,409,1564,0,0,0,2
1780427595,2,9,8,2,0,0,85,3,409,1564,0,0,0,2
1780427596,1,9,4,2,0,0,92,2,406,1568,0,0,0,2
1780427597,1,9,3,6,0,0,92,0,408,1566,0,0,0,1
1780427598,2,5,4,7,0,0,90,9,408,1565,0,0,0,1
1780427599,1,9,6,1,0,0,90,0,409,1564,0,0,0,2
1780427600,2,2,4,5,0,0,91,6,406,1567,0,0,0,2
1780427601,1,6,4,1,0,0,93,8,410,1563,0,0,1,1
1780427602,1,6,3,8,0,0,93,0,410,1563,0,0,0,1
1780427603,2,0,2,3,0,0,93,8,410,1563,1,0,1,1
1780427604,1,9,3,8,0,0,92,6,410,1563,1,0,0,2
1780427605,0,5,1,3,0,0,98,2,411,1562,0,0,0,1
1780427606,0,3,0,3,0,0,99,5,414,1559,0,0,0,1
1780427607,0,0,0,0,0,0,99,8,414,1559,0,0,0,1
1780427609,0,3,0,5,0,3,99,0,415,1558,0,0,0,1
1780427610,0,0,0,0,0,0,99,7,415,1558,0,0,0,1
1780427611,0,0,0,0,0,0,99,7,415,1558,0,0,0,1
1780427612,0,0,0,3,0,0,99,7,415,1558,0,0,0,1
1780427613,0,3,0,3,0,0,99,5,415,1558,0,0,0,1
1780427614,0,0,0,3,0,3,99,2,416,1557,0,0,0,1
1780427615,1,1,3,5,0,0,94,1,416,1557,0,0,0,2
1780427616,4,6,6,3,0,0,87,4,416,1557,0,0,0,2
1780427617,2,2,6,4,0,0,89,1,416,1557,0,0,0,2
1780427618,2,6,6,5,0,0,88,9,416,1557,0,0,0,1
1780427619,3,1,5,6,0,0,89,6,416,1557,0,0,1,1
1780427620,2,5,5,6,0,0,89,8,416,1557,0,0,0,1
1780427621,2,2,5,3,0,0,89,4,414,1559,0,0,1,1
1780427622,2,5,4,7,0,0,90,5,416,1557,0,0,0,2
1780427623,2,8,5,6,0,0,90,7,417,1556,0,0,1,1
1780427624,2,8,6,2,0,3,89,0,417,1556,0,0,1,1
1780427625,2,9,7,2,0,0,88,2,421,1552,0,0,0,2
1780427627,3,1,4,2,0,0,91,3,422,1551,0,0,1,1
1780427628,2,8,5,3,0,0,90,3,422,1551,0,0,1,1
1780427629,1,9,4,9,0,0,91,3,421,1553,0,0,1,1
1780427630,2,4,4,6,0,0,91,2,421,1552,0,0,0,1
1780427631,2,2,3,8,0,0,92,3,420,1552,0,0,1,1
1780427632,2,2,5,1,0,0,91,1,423,1550,0,0,0,1
1780427633,1,6,5,5,0,0,91,8,422,1551,0,0,0,2
1780427634,1,9,5,4,0,0,90,7,422,1551,0,0,0,1
1780427635,3,2,5,1,0,0,90,4,422,1551,0,0,1,2
1780427636,1,7,4,2,0,0,93,3,422,1551,0,0,0,1
1780427637,2,4,4,6,0,0,91,0,418,1555,0,0,1,1
1780427638,2,4,5,4,0,0,90,0,421,1553,0,0,1,1
1780427639,2,7,5,4,0,3,89,8,421,1552,0,0,1,1
1780427640,2,2,4,9,0,0,91,5,423,1550,0,0,1,1
1780427641,2,2,4,9,0,0,91,0,426,1547,0,0,0,1
1780427642,1,6,4,9,0,0,91,3,428,1544,0,0,1,1
1780427643,2,2,4,9,0,0,91,8,434,1540,0,0,0,2
1780427644,1,7,5,0,0,0,91,7,439,1534,0,0,1,2
1780427646,2,2,5,9,0,0,91,1,447,1527,0,0,0,1
1780427647,1,6,6,3,0,0,90,7,452,1522,0,0,0,2
1780427648,3,2,4,8,0,0,89,3,452,1521,0,0,0,1
1780427649,2,7,6,3,0,0,89,9,453,1521,0,0,0,1
1780427650,2,9,5,3,0,0,90,4,453,1520,0,0,0,1
1780427651,2,2,4,9,0,0,91,2,454,1519,0,0,1,1
1780427652,2,5,3,9,0,0,92,0,455,1518,0,0,1,1
1780427653,1,4,5,2,0,0,92,0,456,1517,0,0,0,2
1780427654,1,7,5,0,0,3,92,2,457,1517,0,0,0,2
1780427655,1,4,4,9,0,0,91,0,457,1517,0,0,0,2
1780427656,1,6,5,2,0,0,91,5,457,1517,0,0,0,2
1780427657,1,6,5,5,0,0,91,5,457,1517,0,0,0,2
1780427658,2,7,5,1,0,0,91,1,457,1517,0,0,0,2
1780427659,1,9,4,6,0,0,91,0,457,1517,0,0,1,1
1780427660,1,4,4,3,0,0,93,0,457,1516,0,0,0,1
1780427661,1,7,6,1,0,0,90,9,458,1516,0,0,0,1
1780427662,1,4,4,7,0,0,92,6,458,1516,0,0,1,1
1780427664,1,9,4,4,0,0,92,5,458,1516,0,0,1,1
1780427665,2,4,4,6,0,3,91,1,458,1516,1,0,0,1
1780427666,1,6,4,9,0,0,91,5,450,1523,0,0,1,1
1780427667,1,6,4,7,0,0,92,0,452,1521,0,0,1,1
1780427668,1,9,5,0,0,0,92,2,452,1521,0,0,1,1
1780427669,1,6,5,8,0,0,91,0,453,1520,0,0,1,1
1780427670,1,7,4,2,0,3,92,5,453,1520,0,0,0,1
1780427671,1,6,5,7,0,0,90,5,453,1520,0,0,1,1
1780427672,1,1,4,2,0,0,92,8,453,1521,0,0,0,1
1780427673,1,4,5,5,0,0,91,8,453,1521,0,0,0,2
1780427674,3,3,4,4,0,0,91,3,453,1521,0,0,0,2
1780427675,1,9,5,8,0,0,90,9,453,1520,0,0,0,2
1780427676,1,9,5,2,0,0,91,3,454,1520,0,0,0,2
1780427677,1,6,4,7,0,0,92,1,454,1520,0,0,0,1
1780427678,1,6,5,9,0,0,90,6,454,1520,0,0,0,2
1780427679,1,9,5,4,0,3,90,7,454,1519,0,0,0,2
1780427680,1,1,4,7,0,0,93,1,454,1519,0,0,0,2
1780427681,1,1,5,5,0,0,92,3,454,1519,0,0,0,2
1780427682,2,4,5,1,0,0,90,3,456,1517,0,0,1,1
1780427683,1,6,5,2,0,0,90,8,456,1517,0,0,1,1
1780427685,1,1,3,9,0,0,93,3,456,1517,0,0,1,1
1780427686,1,9,5,4,0,0,90,2,456,1517,0,0,0,1
1780427687,1,9,4,7,0,0,91,8,456,1517,0,0,0,2
1780427688,1,9,4,4,0,0,91,6,456,1517,0,0,0,2
1780427689,1,7,4,1,0,0,92,5,457,1516,0,0,0,2
1780427690,2,2,6,0,0,0,90,2,451,1522,0,0,0,2
1780427691,1,9,5,0,0,0,92,3,453,1520,0,0,0,2
1780427692,1,4,4,4,0,0,92,0,454,1519,0,0,0,2
1780427693,1,6,5,2,0,0,91,6,449,1524,0,0,0,1
1780427694,1,6,5,2,0,0,91,3,449,1524,0,0,0,2
1780427695,1,1,4,7,0,3,92,0,447,1526,0,0,1,1
1780427696,0,8,5,5,0,0,92,3,447,1526,0,0,0,1
1780427697,2,7,7,3,0,0,88,1,447,1526,0,0,0,1
1780427698,2,2,4,9,0,0,90,5,449,1524,0,0,0,2
1780427699,1,9,4,4,0,0,91,2,450,1523,0,0,0,1
1780427700,1,4,4,4,0,0,91,3,451,1523,0,0,0,1
1780427701,1,4,5,5,0,0,91,5,452,1521,0,0,0,2
1780427702,1,9,4,7,0,0,91,8,452,1521,0,0,0,2
1780427703,1,9,4,4,0,0,92,3,453,1520,0,0,1,1
1780427705,1,7,4,4,0,3,92,2,453,1520,12,9,1,1
1780427706,2,2,5,2,0,0,91,8,455,1518,0,0,1,1
1780427707,1,7,5,6,0,0,91,1,465,1508,0,0,1,1
1780427708,3,0,4,4,0,0,90,5,466,1507,0,0,0,1
1780427709,2,2,4,7,0,0,92,0,454,1519,0,0,0,2
1780427710,2,2,3,9,0,0,92,8,451,1522,0,0,0,2
1780427711,2,2,5,5,0,0,91,3,451,1522,0,0,1,2
1780427712,3,2,5,4,0,0,89,8,451,1522,0,0,1,1
1780427713,1,4,4,6,0,0,92,2,453,1520,0,0,0,1
1780427714,2,1,4,0,0,0,92,0,455,1519,0,0,0,2
1780427715,2,4,4,8,0,3,90,4,451,1522,0,0,0,1
1780427716,1,9,4,6,0,0,91,4,454,1519,0,0,1,2
1780427717,1,9,7,5,0,0,88,5,449,1524,0,0,0,2
1780427718,2,1,5,1,0,0,91,7,450,1523,0,0,0,1
1780427719,2,4,5,1,0,0,90,6,450,1523,0,0,1,1
1780427720,1,9,4,6,0,0,92,4,450,1523,0,0,0,2
1780427721,2,4,4,1,0,0,92,4,451,1522,0,0,0,2
1780427722,2,9,5,3,0,0,90,4,453,1521,0,0,0,1
1780427723,2,4,5,4,0,0,89,8,454,1519,0,0,0,1
1780427724,2,7,6,2,0,3,89,1,455,1518,0,0,1,1
1780427725,3,0,3,8,0,0,91,2,455,1518,0,0,0,2
1780427727,1,9,4,2,0,0,92,2,455,1518,0,0,0,2
1780427728,1,6,4,9,0,0,91,0,455,1518,0,0,1,1
1780427729,1,9,3,9,0,0,92,3,455,1518,0,0,1,1
1780427730,1,9,6,1,0,0,90,6,455,1518,0,0,0,1
1780427731,1,7,4,4,0,0,92,3,455,1518,0,0,0,2
1780427732,2,2,5,7,0,0,90,0,453,1520,0,0,0,2
1780427733,1,6,5,2,0,0,91,8,453,1520,0,0,0,2
1780427734,1,4,4,9,0,0,92,0,455,1518,0,0,0,2
1780427735,1,1,2,4,0,3,95,5,457,1516,0,0,0,1
1780427736,0,3,0,0,0,0,99,7,457,1516,0,0,0,1
1780427737,0,0,0,0,0,0,100,0,457,1516,0,0,0,1
1780427738,0,0,0,0,0,0,100,0,457,1516,0,0,0,1
1780427739,0,0,0,3,0,0,99,5,458,1515,0,0,0,1
1780427740,0,3,0,0,0,0,99,7,458,1515,0,0,0,1
1780427741,0,0,0,3,0,0,99,7,458,1515,0,0,0,1
1780427742,0,0,0,3,0,0,99,5,458,1515,0,0,0,1
1780427744,0,3,0,0,0,0,99,7,459,1514,0,0,0,1
1780427745,0,0,0,5,0,0,99,2,461,1513,0,0,0,1
1780427746,0,0,0,0,0,0,100,0,461,1513,0,0,0,1
1780427747,0,3,0,3,0,0,99,5,461,1513,0,0,0,1
1780427748,0,3,0,8,0,0,99,0,461,1512,0,0,0,1
1780427749,0,0,0,0,0,0,100,0,461,1512,0,0,0,1
1780427750,0,0,0,3,0,0,99,7,461,1512,0,0,0,1
1780427751,0,0,0,3,0,0,99,7,461,1512,0,0,0,1
1780427752,0,0,0,3,0,3,99,2,463,1510,0,0,0,1
1780427753,0,0,0,8,0,0,99,2,463,1510,0,0,0,1
1780427754,0,0,0,5,0,0,99,5,463,1510,0,0,0,1
1780427755,0,0,0,0,0,0,99,7,463,1510,0,0,0,1
1780427756,0,0,0,3,0,0,99,7,463,1510,0,0,0,1
1780427757,0,3,0,3,0,0,99,2,463,1510,0,0,0,1
1780427758,0,0,0,3,0,0,99,7,463,1510,1,0,0,1
1780427759,0,3,0,5,0,0,99,2,463,1510,0,0,0,1
1780427760,0,3,0,0,0,0,99,5,463,1510,0,0,0,1
1780427761,0,3,0,3,0,0,99,5,464,1509,0,0,0,1
1780427762,0,3,0,3,0,0,99,5,464,1509,0,0,0,1
1780427764,0,3,0,5,0,0,98,9,464,1509,0,0,0,1
1780427765,0,3,0,5,0,0,99,0,464,1509,0,0,0,1
1780427766,0,3,0,0,0,0,99,7,464,1509,0,0,0,1
1780427767,0,3,0,0,0,0,99,5,464,1509,0,0,0,1
1780427768,0,0,0,0,0,0,100,0,464,1509,0,0,0,1
1780427769,0,3,0,0,0,0,99,7,468,1505,0,0,0,1
1780427770,0,0,0,3,0,0,99,5,468,1505,0,0,0,1
1780427771,0,3,0,3,0,0,99,5,468,1505,0,0,0,1
1780427772,0,0,0,0,0,0,100,0,468,1505,0,0,0,1
1780427773,0,0,0,0,0,0,100,0,468,1505,0,0,0,1
1780427774,0,0,0,0,0,0,100,0,469,1504,0,0,0,1
1780427775,0,0,0,0,0,0,100,0,470,1504,0,0,0,1
1780427776,0,0,0,0,0,3,99,5,470,1503,0,0,0,1
1780427777,0,0,0,0,0,0,100,0,470,1503,0,0,0,1
1780427778,0,0,0,0,0,0,100,0,470,1503,0,0,0,1
1780427779,0,0,0,3,0,0,99,7,470,1503,0,0,0,1
1780427780,0,3,0,3,0,0,99,2,470,1504,0,0,0,1
1780427782,0,0,0,0,0,0,100,0,469,1504,0,0,0,1
1780427783,0,0,0,0,0,0,100,0,469,1504,0,0,0,1
1780427784,0,3,0,0,0,0,99,7,469,1504,0,0,0,1
1780427785,0,0,0,0,0,0,100,0,469,1504,0,0,0,1
1780427786,0,3,0,0,0,0,99,7,469,1504,0,0,0,1
1780427787,0,3,0,0,0,0,99,7,469,1504,0,0,0,1
1780427788,0,0,0,0,0,0,100,0,469,1504,0,0,0,1
1780427789,0,3,0,5,0,0,99,2,469,1504,0,0,0,1
1780427790,0,0,0,3,0,0,99,7,469,1504,0,0,0,1
1780427791,0,0,0,2,0,0,99,8,469,1504,0,0,0,1
1780427792,0,0,0,0,0,0,100,0,469,1504,0,0,0,1
1780427793,0,0,0,0,0,0,100,0,469,1504,0,0,0,1
1780427794,0,3,0,3,0,0,99,5,469,1504,0,0,0,1
1780427795,0,0,0,0,0,0,100,0,469,1504,0,0,0,1
1780427796,0,3,0,0,0,0,99,5,469,1504,0,0,0,1
1780427797,0,0,0,0,0,0,100,0,469,1504,0,0,0,1
1780427798,0,0,0,5,0,0,99,5,469,1504,0,0,0,1
1780427799,0,0,0,0,0,0,100,0,469,1504,0,0,0,1
1780427800,0,0,0,0,0,0,100,0,470,1504,0,0,0,1
1780427802,0,3,0,3,0,0,99,2,470,1504,0,0,0,1
1780427803,0,0,0,3,0,0,99,7,470,1504,0,0,0,1
1780427804,0,0,0,0,0,0,100,0,470,1504,0,0,0,1
1780427805,0,0,0,3,0,0,99,7,470,1504,0,0,0,1
1780427806,0,0,0,3,0,0,99,7,470,1503,0,0,0,1
1780427807,0,0,0,0,0,0,100,0,470,1503,0,0,0,1
1780427808,0,0,0,3,0,3,99,5,470,1503,0,0,0,1
1780427809,0,0,0,0,0,0,100,0,470,1503,0,0,0,1
1780427810,0,0,0,0,0,0,100,0,470,1503,0,0,0,1
1780427811,0,0,0,0,0,0,100,0,470,1503,0,0,0,1
1780427812,0,0,0,0,0,0,100,0,470,1503,0,0,0,1
1780427813,0,0,0,0,0,0,100,0,470,1503,0,0,0,1
1780427814,0,0,0,0,0,0,100,0,470,1503,0,0,0,1
1780427815,0,3,0,0,0,0,99,7,470,1503,0,0,0,1
1780427816,0,0,0,0,0,0,99,8,470,1503,0,0,0,1
1780427817,0,0,0,0,0,0,100,0,470,1503,0,0,0,1
1780427818,0,3,0,5,0,0,99,0,470,1503,0,0,0,1
1780427819,0,0,0,0,0,3,99,7,470,1503,0,0,0,1
1780427821,0,0,0,5,0,0,99,5,470,1504,0,0,0,1
1780427822,0,0,0,5,0,0,99,5,469,1504,0,0,0,1
1780427823,0,3,0,0,0,0,99,7,469,1504,0,0,0,1
1780427824,0,3,0,0,0,0,99,7,469,1504,0,0,0,1
1780427825,0,3,0,5,0,3,98,4,469,1504,0,0,0,1
1780427826,0,0,0,2,0,0,99,8,469,1505,0,0,0,1
1780427827,0,0,0,0,0,0,100,0,468,1505,0,0,0,1
1780427828,0,0,0,0,0,0,100,0,468,1505,0,0,0,1
1780427829,0,0,0,3,0,0,99,7,468,1505,0,0,0,1
1780427830,0,0,0,0,0,0,100,0,468,1505,0,0,0,1
1780427831,0,0,0,0,0,0,100,0,468,1505,0,0,0,1
1780427832,0,3,0,3,0,0,99,2,469,1504,0,0,0,1
1780427833,0,0,0,0,0,0,100,0,469,1504,0,0,0,1
1780427834,0,3,0,3,0,0,99,5,470,1504,0,0,0,1
1780427835,0,0,0,0,0,0,100,0,470,1504,0,0,0,1
1780427836,0,0,0,0,0,0,100,0,470,1503,0,0,0,1
1780427837,0,0,0,0,0,0,99,7,469,1504,0,0,0,1
1780427838,0,0,0,3,0,0,99,7,469,1504,0,0,0,1
1780427839,0,0,0,0,0,0,100,0,469,1504,0,0,0,1
1780427841,0,0,0,0,0,0,100,0,469,1504,0,0,0,1
1780427842,0,0,0,0,0,0,100,0,469,1504,0,0,0,1
1780427843,0,0,0,0,0,0,100,0,469,1504,0,0,0,1
1780427844,0,3,0,5,0,0,99,2,469,1504,0,0,0,1
1780427845,0,0,0,0,0,0,100,0,470,1503,0,0,0,1
1780427846,0,0,0,0,0,0,100,0,470,1503,0,0,0,1
1780427847,0,0,0,0,0,0,100,0,470,1503,0,0,0,1
1780427848,0,0,0,0,0,0,100,0,470,1503,0,0,0,1
1780427849,0,3,0,0,0,0,99,5,469,1504,0,0,0,1
1780427850,0,0,0,3,0,0,99,7,461,1512,0,0,0,1
1780427851,0,0,0,0,0,0,100,0,462,1511,0,0,0,1
1780427852,0,0,0,5,0,0,99,5,462,1511,0,0,0,1
1780427853,0,0,0,3,0,0,99,7,462,1511,0,0,0,1
1780427854,0,0,0,0,0,3,99,7,462,1511,0,0,0,1
1780427855,0,0,0,0,0,0,99,7,462,1511,0,0,0,1
1780427856,0,3,0,5,0,0,99,2,462,1511,0,0,0,1
1780427857,0,0,0,3,0,0,99,5,462,1511,0,0,0,1
1780427858,0,0,0,3,0,0,99,7,462,1511,0,0,0,1
1780427859,0,0,0,0,0,0,100,0,463,1511,0,0,0,1
1780427861,0,3,0,5,0,3,99,0,467,1507,0,0,0,1
1780427862,0,0,0,3,0,0,99,7,467,1507,0,0,0,1
1780427863,0,0,0,0,0,0,99,8,467,1506,0,0,0,1
1780427864,0,0,0,0,0,0,100,0,467,1506,0,0,0,1
1780427865,0,0,0,3,0,0,99,7,467,1506,0,0,0,1
1780427866,0,0,0,0,0,0,100,0,467,1506,0,0,0,1
1780427867,0,3,0,0,0,0,99,7,468,1505,0,0,0,1
1780427868,0,0,0,0,0,0,100,0,468,1505,0,0,0,1
1780427869,0,0,0,0,0,0,100,0,468,1505,0,0,0,1
1780427870,0,3,0,3,0,0,99,5,468,1505,0,0,0,1
1780427871,0,0,0,0,0,0,100,0,468,1505,0,0,0,1
1780427872,0,3,0,0,0,0,99,5,468,1505,0,0,0,1
1780427873,0,3,0,8,0,0,98,7,468,1505,0,0,0,1
1780427874,0,0,0,2,0,0,99,8,468,1505,1,0,0,1
1780427875,0,0,0,0,0,0,100,0,468,1505,0,0,0,1
1780427877,0,0,0,0,0,0,100,0,469,1504,0,0,0,1
1780427878,0,0,0,0,0,0,100,0,469,1504,0,0,0,1
1780427879,0,0,0,0,0,0,100,0,469,1504,0,0,0,1
1780427880,0,0,0,0,0,3,99,7,470,1503,0,0,0,1
1780427881,0,0,0,3,0,0,99,5,470,1503,0,0,0,1
1780427882,0,3,0,3,0,0,99,5,470,1503,0,0,0,1
1780427883,0,0,0,0,0,0,99,7,470,1503,0,0,0,1
1780427884,0,0,0,0,0,0,100,0,470,1503,0,0,0,1
1780427885,0,0,0,3,0,0,99,7,470,1503,0,0,0,1
1780427886,0,0,0,0,0,8,99,2,470,1503,0,0,0,1
1780427887,0,0,0,0,0,0,100,0,470,1503,0,0,0,1
1780427888,0,2,0,0,0,0,99,8,470,1503,0,0,0,1
1780427889,0,0,0,0,0,0,100,0,470,1503,0,0,0,1
1780427890,0,3,0,5,0,0,99,2,470,1503,0,0,0,1
1780427891,0,0,0,0,0,3,99,7,470,1503,0,0,0,1
1780427892,0,0,0,0,0,0,100,0,470,1503,0,0,0,1
1780427893,0,0,0,0,0,0,100,0,470,1503,0,0,0,1
1780427894,0,0,0,0,0,0,100,0,470,1503,0,0,0,1
1780427895,0,0,0,0,0,0,100,0,470,1503,0,0,0,1
1780427896,0,0,0,3,0,0,99,5,470,1503,0,0,0,1
1780427898,0,0,0,0,0,0,100,0,470,1503,0,0,0,1
1780427899,0,0,0,5,0,0,99,5,470,1503,0,0,0,1
1780427900,0,0,0,0,0,0,100,0,470,1503,0,0,0,1
1780427901,0,0,0,0,0,0,100,0,470,1503,0,0,0,1
1780427902,0,3,0,3,0,0,99,2,470,1503,0,0,0,1
1780427903,0,0,0,0,0,0,100,0,470,1503,0,0,0,1
1780427904,0,0,0,0,0,0,99,7,470,1503,0,0,0,1
1780427905,0,0,0,3,0,0,99,7,470,1503,0,0,0,1
1780427906,0,0,0,0,0,0,100,0,470,1503,0,0,0,1
1780427907,0,0,0,0,0,0,100,0,471,1502,0,0,0,1
1780427908,0,3,0,5,0,0,99,2,471,1502,0,0,0,1
1780427909,0,3,0,0,0,0,99,7,470,1503,0,0,0,1
1780427910,0,0,0,0,0,0,99,7,470,1503,0,0,0,1
1780427911,0,0,0,0,0,0,100,0,470,1504,0,0,0,1
1780427912,0,0,0,0,0,0,100,0,469,1504,0,0,0,1
1780427913,0,0,0,0,0,0,99,7,469,1504,0,0,0,1
1780427914,0,0,0,3,0,0,99,7,469,1505,0,0,0,1
1780427915,0,3,0,8,0,0,99,0,469,1505,0,0,0,1
1780427916,0,3,0,3,0,0,99,2,469,1505,0,0,0,1
1780427917,0,0,0,0,0,0,100,0,469,1504,0,0,0,1
1780427918,0,0,0,0,0,0,100,0,469,1504,0,0,0,1
1780427920,0,0,0,3,0,0,99,7,470,1503,0,0,0,1
1780427921,0,0,0,0,0,0,100,0,470,1503,0,0,0,1
1780427922,0,0,0,0,0,0,100,0,471,1503,0,0,0,1
1780427923,0,0,0,0,1,0,99,0,471,1502,0,0,0,1
1780427924,0,0,0,3,0,0,99,7,472,1501,0,0,0,1
1780427925,0,0,0,3,0,0,99,7,472,1501,0,0,0,1
1780427926,0,0,0,0,0,0,100,0,473,1500,0,0,0,1
1780427927,0,0,0,0,0,0,100,0,473,1500,0,0,0,1
1780427928,0,0,0,0,0,0,100,0,473,1500,0,0,0,1
1780427929,0,3,0,0,0,0,99,7,473,1500,0,0,0,1
1780427930,0,3,0,3,0,0,99,5,473,1500,0,0,0,1
1780427931,0,0,0,0,0,0,100,0,473,1500,0,0,0,1
1780427932,0,0,0,0,0,0,100,0,473,1500,0,0,0,1
1780427933,0,0,0,0,0,0,100,0,473,1500,0,0,0,1
1780427934,0,0,0,0,0,0,100,0,473,1500,1,0,0,1
1780427935,0,0,0,0,0,3,99,7,473,1500,0,0,0,1
1780427936,0,0,0,0,0,0,99,7,473,1500,0,0,0,1
1780427937,0,0,0,0,0,0,100,0,473,1500,0,0,0,1
1780427938,0,0,0,3,0,0,99,7,473,1500,0,0,0,1
1780427939,0,0,0,3,0,0,99,7,473,1500,0,0,0,1
1780427940,0,0,0,3,0,0,99,7,473,1500,0,0,0,1
1780427942,0,0,0,3,0,0,99,7,473,1500,0,0,0,1
1780427943,0,0,0,0,0,0,100,0,473,1500,0,0,0,1
1780427944,0,0,0,0,0,0,99,7,473,1500,0,0,0,1
1780427945,0,3,0,5,0,0,99,0,473,1500,0,0,0,1
1780427946,0,0,0,0,0,0,100,0,473,1500,0,0,0,1
1780427947,0,0,0,0,0,0,100,0,473,1500,0,0,0,1
1780427948,0,0,0,3,0,0,99,5,473,1500,0,0,0,1
1780427949,0,3,0,3,0,0,99,5,473,1500,0,0,0,1
1780427950,0,0,0,0,0,0,100,0,472,1502,0,0,0,1
1780427951,0,0,0,0,0,0,99,7,471,1502,0,0,0,1
1780427952,0,0,0,0,0,0,100,0,471,1502,0,0,0,1
1780427953,0,0,0,3,0,0,99,7,472,1502,0,0,0,1
1780427954,0,3,0,0,0,0,99,7,471,1502,0,0,0,1
1780427955,0,0,0,0,0,0,100,0,471,1502,0,0,0,1
1780427956,0,0,0,0,0,0,100,0,471,1502,0,0,0,1
1780427957,0,0,0,3,0,0,99,7,470,1503,0,0,0,1
1780427958,0,3,0,0,0,0,99,5,470,1503,0,0,0,1
1780427959,0,0,0,3,0,0,99,5,470,1503,0,0,0,1
1780427960,0,0,0,0,0,0,100,0,469,1504,0,0,0,1
1780427961,0,0,0,0,0,0,100,0,469,1504,0,0,0,1
1780427963,0,0,0,0,0,0,100,0,470,1504,0,0,0,1
1780427964,0,0,0,3,0,0,99,7,470,1504,0,0,0,1
1780427965,0,0,0,0,0,0,100,0,470,1503,0,0,0,1
1780427966,0,3,0,3,0,0,99,5,470,1503,0,0,0,1
1780427967,0,0,0,3,0,3,99,5,470,1503,0,0,0,1
1780427968,0,0,0,3,0,0,99,7,470,1503,0,0,0,1
1780427969,0,0,0,0,0,0,100,0,470,1503,0,0,0,1
1780427970,0,0,0,0,0,0,99,7,470,1503,0,0,0,1
1780427971,0,0,0,0,0,0,100,0,470,1503,0,0,0,1
1780427972,0,0,0,0,0,0,100,0,470,1503,0,0,0,1
1780427973,0,0,0,3,0,0,99,5,470,1503,0,0,0,1
1780427974,0,3,0,0,0,0,99,7,471,1503,0,0,0,1
1780427975,0,0,0,0,0,0,100,0,471,1503,0,0,0,1
1780427976,0,3,0,5,0,0,99,2,471,1503,0,0,0,1
1780427977,0,3,0,0,0,0,99,5,471,1503,0,0,0,1
1780427978,0,0,0,0,0,0,100,0,471,1503,0,0,0,1
1780427979,0,3,0,0,0,0,99,7,471,1503,0,0,0,1
1780427980,0,3,0,0,0,0,99,7,471,1503,0,0,0,1
1780427981,0,3,0,0,0,0,99,7,471,1503,0,0,0,1
1780427982,0,0,0,0,0,0,100,0,471,1502,0,0,0,1
1780427983,0,0,0,0,0,0,100,0,471,1502,0,0,0,1
1780427985,0,3,0,3,0,0,99,5,471,1502,0,0,0,1
1780427986,0,0,0,0,0,0,100,0,471,1502,0,0,0,1
1780427987,0,0,0,0,0,0,100,0,471,1502,0,0,0,1
1780427988,0,0,0,3,0,0,99,7,471,1502,0,0,0,1
1780427989,0,0,0,0,0,0,100,0,471,1502,0,0,0,1
1780427990,0,0,0,3,0,0,99,7,471,1502,0,0,0,1
1780427991,0,3,0,0,0,3,99,5,471,1502,0,0,0,1
1780427992,0,0,0,0,0,0,100,0,471,1502,0,0,0,1
1780427993,0,0,0,0,0,0,100,0,471,1502,0,0,0,1
1780427994,0,0,0,3,0,0,99,5,471,1502,0,0,0,1
1780427995,0,0,0,3,0,0,99,7,471,1502,0,0,0,1
1780427996,0,0,0,0,0,0,99,5,471,1502,0,0,0,1
1780427997,0,0,0,3,0,0,99,5,472,1502,0,0,0,1
1780427998,0,0,0,3,0,3,99,5,472,1502,12,9,0,1
1780427999,0,0,0,0,0,0,100,0,471,1502,1,0,0,1
1780428000,0,0,0,0,0,0,100,0,471,1502,0,0,0,1
1780428001,0,0,0,0,0,0,100,0,471,1502,0,0,0,1
1780428002,0,0,0,0,0,0,100,0,470,1503,0,0,0,1
1780428003,0,0,0,0,0,0,100,0,470,1503,0,0,0,1
1780428004,0,0,0,5,0,0,99,5,470,1503,0,0,0,1
1780428005,0,0,0,0,0,0,100,0,470,1504,0,0,0,1
1780428007,0,0,0,0,0,0,99,7,470,1504,0,0,0,1
1780428008,0,0,0,0,0,0,99,7,470,1504,0,0,0,1
1780428009,0,0,0,0,0,0,100,0,470,1503,0,0,0,1
1780428010,0,0,0,0,0,0,100,0,470,1504,0,0,0,1
1780428011,0,0,0,0,0,0,100,0,470,1504,0,0,0,1
1780428012,0,0,0,0,0,0,100,0,470,1504,0,0,0,1
1780428013,0,3,0,3,0,0,99,5,470,1504,0,0,0,1
1780428014,0,0,0,0,0,0,100,0,470,1504,0,0,0,1
1780428015,0,0,0,0,0,0,99,7,470,1504,0,0,0,1
1780428016,0,0,0,0,0,0,100,0,470,1503,0,0,0,1
1780428017,0,3,0,0,0,3,99,2,470,1503,0,0,0,1
1780428018,0,5,0,0,0,0,99,5,470,1503,0,0,0,1
1780428019,0,0,0,0,0,0,100,0,470,1503,0,0,0,1
1780428020,0,0,0,3,0,0,99,7,470,1503,0,0,0,1
1780428021,0,0,0,3,0,0,99,7,468,1505,0,0,0,1
1780428022,0,0,0,3,0,0,99,7,468,1505,0,0,0,1
1780428023,0,0,0,0,0,0,100,0,468,1505,0,0,0,1
1780428024,0,3,0,3,0,0,99,2,468,1505,1,0,0,1
1780428025,0,0,0,0,0,0,100,0,467,1506,0,0,0,1
1780428026,0,0,0,0,0,0,100,0,467,1506,0,0,0,1
1780428027,0,0,0,3,0,0,99,7,466,1507,0,0,0,1
1780428029,0,0,0,3,0,0,99,7,466,1507,0,0,0,1
1780428030,0,0,0,0,0,0,100,0,465,1508,0,0,0,1
1780428031,0,0,0,0,0,0,100,0,464,1509,0,0,0,1
1780428032,0,0,0,3,0,0,99,7,466,1507,0,0,0,1
1780428033,0,0,0,0,0,0,99,7,467,1506,0,0,0,1
1780428034,0,3,0,5,0,0,99,2,467,1506,0,0,0,1
1780428035,0,0,0,0,0,0,100,0,467,1506,0,0,0,1
1780428036,0,0,0,0,0,0,100,0,467,1506,0,0,0,1
1780428037,0,0,0,3,0,0,99,7,468,1506,0,0,0,1
1780428038,0,0,0,0,0,0,99,7,468,1506,0,0,0,1
1780428039,0,0,0,3,0,0,99,7,468,1505,0,0,0,1
1780428040,0,3,0,3,0,0,99,5,468,1505,0,0,0,1
1780428041,0,0,0,3,0,0,99,7,468,1506,0,0,0,1
1780428042,0,0,0,0,0,0,99,7,467,1506,0,0,0,1
1780428043,0,0,0,3,0,0,99,7,467,1506,0,0,0,1
1780428044,0,0,0,0,0,0,100,0,467,1507,0,0,0,1
1780428045,0,0,0,3,0,0,99,7,466,1507,0,0,0,1
1780428046,0,0,0,3,0,0,99,7,465,1508,0,0,0,1
1780428047,0,0,0,0,0,0,99,7,465,1508,0,0,0,1
1780428048,0,0,0,0,1,0,99,0,465,1508,0,0,0,1
1780428049,0,3,0,3,0,0,99,5,466,1507,0,0,0,1
1780428051,0,0,0,0,0,0,100,0,466,1507,0,0,0,1
1780428052,0,3,0,3,0,0,99,5,466,1507,0,0,0,1
1780428053,0,0,0,0,0,0,100,0,467,1507,0,0,0,1
1780428054,0,0,0,3,0,0,99,5,467,1507,0,0,0,1
1780428055,0,0,0,3,0,0,99,5,467,1507,0,0,0,1
1780428056,0,0,0,0,0,0,100,0,467,1507,0,0,0,1
1780428057,0,0,0,0,0,0,100,0,467,1507,0,0,0,1
1780428058,0,3,0,8,0,0,99,0,467,1507,0,0,0,1
1780428059,0,0,0,3,0,0,99,7,467,1507,0,0,0,1
1780428060,0,0,0,3,0,0,99,7,467,1507,0,0,0,1
1780428061,0,0,0,0,0,3,99,7,467,1507,0,0,0,1
1780428062,0,0,0,0,0,0,100,0,467,1507,0,0,0,1
1780428063,0,0,0,0,0,0,100,0,467,1507,0,0,0,1
1780428064,0,0,0,0,0,0,100,0,467,1507,0,0,0,1
1780428065,0,0,0,0,0,0,100,0,467,1507,0,0,0,1
1780428066,0,0,0,0,0,0,100,0,467,1507,0,0,0,1
1780428067,0,3,0,3,0,0,99,5,467,1507,0,0,0,1
1780428068,0,0,0,0,0,0,100,0,467,1507,0,0,0,1
1780428070,0,0,0,3,0,0,99,7,467,1507,0,0,0,1
1780428071,0,0,0,3,0,0,99,7,467,1507,0,0,0,1
1780428072,0,0,0,0,0,0,99,7,467,1507,0,0,0,1
1780428073,0,0,0,3,0,0,99,7,467,1507,0,0,0,1
1780428074,0,0,0,0,0,3,99,5,467,1507,0,0,0,1
1780428075,0,3,0,8,0,0,99,0,467,1507,0,0,0,1
1780428076,0,0,0,0,0,0,100,0,467,1507,0,0,0,1
1780428077,0,3,0,0,0,0,99,7,467,1507,0,0,0,1
1780428078,0,0,0,0,0,0,100,0,467,1507,0,0,0,1
1780428079,0,3,0,0,0,0,99,7,467,1506,0,0,0,1
1780428080,0,0,0,0,0,0,100,0,467,1506,0,0,0,1
1780428081,0,0,0,0,0,0,100,0,467,1506,0,0,0,1
1780428082,0,0,0,3,0,0,99,5,467,1506,0,0,0,1
1780428083,0,0,0,0,0,0,100,0,467,1506,0,0,0,1
1780428084,0,3,0,0,0,0,99,7,467,1506,0,0,0,1
1780428085,0,3,0,0,0,0,99,7,468,1505,0,0,0,1
1780428086,0,0,0,0,0,0,99,7,468,1505,0,0,0,1
1780428087,0,3,0,5,0,0,99,2,468,1505,0,0,0,1
1780428088,0,0,0,0,0,0,99,7,468,1505,0,0,0,1
1780428089,0,0,0,0,0,0,100,0,469,1504,0,0,0,1
1780428091,0,0,0,3,0,0,99,7,469,1504,0,0,0,1
1780428092,0,0,0,0,0,0,100,0,469,1504,0,0,0,1
1780428093,0,0,0,0,0,0,100,0,469,1504,0,0,0,1
1780428094,0,0,0,0,0,0,100,0,469,1504,0,0,0,1
1780428095,0,0,0,0,0,0,100,0,469,1504,0,0,0,1
1780428096,0,0,0,0,0,0,100,0,469,1504,0,0,0,1
1780428097,0,0,0,0,0,0,100,0,469,1504,0,0,0,1
1780428098,0,3,0,3,0,3,99,2,469,1504,0,0,0,1
1780428099,0,3,0,3,0,0,99,5,468,1505,0,0,0,1
1780428100,0,0,0,0,0,0,99,7,468,1505,0,0,0,1
1780428101,0,5,0,0,0,0,99,5,468,1505,0,0,0,1
1780428102,0,0,0,3,0,0,99,7,469,1504,0,0,0,1
1780428103,0,0,0,0,0,0,99,7,469,1504,0,0,0,1
1780428104,0,0,0,0,0,0,100,0,470,1503,0,0,0,1
1780428105,0,0,0,0,0,0,100,0,470,1503,0,0,0,1
1780428106,0,0,0,0,0,0,100,0,470,1503,0,0,0,1
1780428107,0,0,0,5,0,0,99,2,470,1503,0,0,0,1
1780428108,0,0,0,0,0,0,99,7,470,1503,0,0,0,1
1780428109,0,0,0,3,0,0,99,7,470,1503,0,0,0,1
1780428110,0,0,0,3,0,0,99,7,470,1503,0,0,0,1
1780428111,0,0,0,0,0,0,100,0,471,1502,0,0,0,1
1780428113,0,0,0,3,0,0,99,7,471,1502,0,0,0,1
1780428114,0,0,0,3,0,0,99,7,471,1502,0,0,0,1
1780428115,0,3,0,3,0,0,99,5,471,1502,0,0,0,1
1780428116,0,0,0,0,0,0,100,0,471,1502,0,0,0,1
1780428117,0,3,0,0,0,0,99,7,471,1502,0,0,0,1
1780428118,0,0,0,0,0,0,100,0,471,1502,0,0,0,1
1780428119,0,0,0,0,0,0,100,0,471,1502,0,0,0,1
1780428120,0,3,0,0,0,3,99,2,471,1502,0,0,0,1
1780428121,0,0,0,5,0,0,99,5,471,1502,0,0,0,1
1780428122,0,0,0,0,0,0,100,0,471,1502,0,0,0,1
1780428123,0,0,0,3,0,0,99,7,471,1502,0,0,0,1
1780428124,0,0,0,0,0,0,100,0,471,1502,0,0,0,1
1780428125,0,0,0,0,0,0,100,0,471,1502,0,0,0,1
1780428126,0,0,0,5,0,0,99,5,471,1502,0,0,0,1
1780428127,0,0,0,0,0,0,100,0,471,1502,0,0,0,1
1780428128,0,0,0,0,0,0,100,0,471,1502,0,0,0,1
1780428129,0,0,0,0,0,0,100,0,471,1502,0,0,0,1
1780428130,0,0,0,0,0,0,100,0,471,1502,0,0,0,1
1780428131,0,0,0,0,0,0,100,0,471,1502,0,0,0,1
1780428132,0,0,0,0,0,0,100,0,472,1502,0,0,0,1
1780428133,0,3,0,0,0,0,99,7,472,1501,0,0,0,1
1780428135,0,0,0,3,0,0,99,7,472,1501,0,0,0,1
1780428136,0,3,0,3,0,0,99,5,472,1501,0,0,0,1
1780428137,0,3,0,0,0,0,99,2,472,1501,0,0,0,1
1780428138,0,0,0,0,0,0,100,0,472,1501,0,0,0,1
1780428139,0,0,0,0,0,0,100,0,472,1501,0,0,0,1
1780428140,0,0,0,3,0,0,99,7,472,1501,0,0,0,1
1780428141,0,0,0,0,0,0,100,0,472,1501,0,0,0,1
1780428142,0,5,0,3,0,0,99,2,472,1501,0,0,0,1
1780428143,0,0,0,3,0,0,99,7,472,1501,0,0,0,1
1780428144,0,0,0,0,0,0,100,0,472,1501,0,0,0,1
1780428145,0,0,0,0,0,3,99,2,472,1501,0,0,0,1
1780428146,0,0,0,0,0,0,100,0,472,1501,0,0,0,1
1780428147,0,0,0,0,0,0,100,0,473,1501,0,0,0,1
1780428148,0,3,0,3,0,0,99,0,473,1500,0,0,0,1
1780428149,0,0,0,0,0,0,100,0,474,1499,0,0,0,1
1780428150,0,0,0,0,0,0,100,0,474,1499,0,0,0,1
1780428151,0,0,0,0,0,0,100,0,476,1497,0,0,0,1
1780428152,0,0,0,3,0,0,99,7,476,1497,0,0,0,1
1780428153,0,5,0,3,0,0,99,0,476,1497,0,0,0,1
1780428154,0,0,0,0,0,0,100,0,476,1497,0,0,0,1
1780428155,0,0,0,0,0,0,100,0,477,1496,0,0,0,1
1780428157,0,3,0,3,0,0,99,5,477,1496,0,0,0,1
1780428158,0,0,0,0,0,0,100,0,476,1497,0,0,0,1
1780428159,0,0,0,0,0,0,100,0,477,1497,0,0,0,1
1780428160,0,0,0,0,0,0,100,0,476,1497,0,0,0,1
1780428161,0,0,0,0,0,0,100,0,476,1497,0,0,0,1
1780428162,0,0,0,0,0,0,99,7,476,1497,0,0,0,1
1780428163,0,0,0,3,0,0,99,5,475,1498,0,0,0,1
1780428164,0,0,0,0,0,0,100,0,475,1498,0,0,0,1
1780428165,0,0,0,3,0,0,99,7,475,1498,0,0,0,1
1780428166,0,0,0,0,0,0,100,0,475,1498,0,0,0,1
1780428167,0,0,0,3,0,0,99,7,475,1498,0,0,0,1
1780428168,0,3,0,0,0,0,99,7,475,1498,0,0,0,1
1780428169,0,3,0,5,0,0,99,2,475,1498,0,0,0,1
1780428170,0,3,0,0,0,0,99,7,475,1498,0,0,0,1
1780428171,0,0,0,0,0,0,100,0,475,1498,0,0,0,1
1780428172,0,0,0,0,0,0,100,0,476,1497,0,0,0,1
1780428173,0,0,0,0,0,0,100,0,476,1497,0,0,0,1
1780428174,0,3,0,3,0,0,99,2,476,1497,0,0,0,1
1780428175,0,0,0,0,0,3,99,7,476,1497,0,0,0,1
1780428176,0,0,0,0,0,0,100,0,476,1497,0,0,0,1
1780428178,0,0,0,3,0,0,99,7,476,1497,0,0,0,1
1780428179,0,3,0,0,0,0,99,7,476,1497,0,0,0,1
1780428180,0,0,0,0,0,0,100,0,476,1497,0,0,0,1
1780428181,0,0,0,0,0,0,100,0,477,1496,0,0,0,1
1780428182,0,3,0,0,0,8,99,0,477,1497,0,0,0,1
1780428183,0,0,0,0,0,0,100,0,476,1497,0,0,0,1
1780428184,0,0,0,3,0,0,99,7,475,1498,0,0,0,1
1780428185,0,3,0,5,0,0,99,2,475,1498,0,0,0,1
1780428186,0,0,0,0,0,0,99,7,475,1498,0,0,0,1
1780428187,0,0,0,0,0,0,100,0,474,1499,0,0,0,1
1780428188,0,0,0,0,0,0,100,0,474,1498,0,0,0,1
1780428189,0,0,0,0,0,0,100,0,475,1498,0,0,0,1
1780428190,0,0,0,3,0,0,99,5,475,1498,0,0,0,1
1780428191,0,3,0,5,0,0,99,2,475,1498,0,0,0,1
1780428192,0,0,0,0,0,0,100,0,475,1498,0,0,0,1
1780428193,0,0,0,0,0,0,100,0,474,1499,0,0,0,1
1780428194,0,0,0,3,0,0,99,7,474,1499,0,0,0,1
1780428195,0,3,0,0,0,0,99,7,474,1499,0,0,0,1
1780428196,0,3,0,0,0,0,99,7,475,1498,0,0,0,1
1780428197,0,3,0,0,0,0,99,7,475,1498,0,0,0,1
1780428199,0,3,0,0,0,0,99,7,475,1498,0,0,0,1
1780428200,0,0,0,0,0,0,100,0,475,1498,0,0,0,1
1780428201,0,0,0,0,0,0,100,0,475,1498,0,0,0,1
1780428202,0,0,0,5,0,0,99,2,474,1499,0,0,0,1
1780428203,0,0,0,0,0,0,100,0,474,1499,0,0,0,1
1780428204,0,3,0,0,0,0,99,7,474,1499,0,0,0,1
1780428205,0,0,0,0,0,0,100,0,474,1499,0,0,0,1
1780428206,0,0,0,0,0,0,100,0,474,1499,0,0,0,1
1780428207,0,0,0,5,1,0,98,5,474,1499,0,0,0,1
1780428208,0,3,0,0,0,0,99,7,474,1499,0,0,0,1
1780428209,0,0,0,0,0,0,100,0,474,1499,0,0,0,1
1780428210,0,0,0,0,0,0,100,0,474,1499,0,0,0,1
1780428211,0,0,0,0,0,0,100,0,474,1499,0,0,0,1
1780428212,0,0,0,0,0,2,99,5,474,1499,0,0,0,1
1780428213,0,0,0,0,0,0,100,0,474,1499,0,0,0,1
1780428214,0,0,0,0,0,0,100,0,474,1499,0,0,0,1
1780428215,0,3,0,0,0,0,99,5,474,1499,0,0,0,1
1780428216,0,3,0,3,0,0,99,5,474,1499,0,0,0,1
1780428218,0,3,0,0,0,0,99,7,475,1499,0,0,0,1
1780428219,0,0,0,0,0,0,100,0,475,1498,0,0,0,1
1780428220,0,0,0,3,0,0,99,7,475,1498,0,0,0,1
1780428221,0,0,0,0,0,0,100,0,475,1498,0,0,0,1
1780428222,0,0,0,0,0,0,100,0,475,1498,0,0,0,1
1780428223,0,0,0,0,0,0,100,0,475,1498,0,0,0,1
1780428224,0,0,0,0,0,0,100,0,474,1499,0,0,0,1
1780428225,0,0,0,5,0,0,99,5,474,1499,0,0,0,1
1780428226,0,0,0,0,0,0,99,7,473,1500,0,0,0,1
1780428227,0,0,0,0,0,0,100,0,473,1500,0,0,0,1
1780428228,0,3,0,0,0,0,99,7,472,1501,0,0,0,1
1780428229,0,3,0,3,0,0,99,2,472,1501,0,0,0,1
1780428230,0,0,0,0,0,0,100,0,472,1501,0,0,0,1
1780428231,0,3,0,3,0,0,99,5,472,1501,0,0,0,1
1780428232,0,0,0,0,0,0,100,0,472,1501,0,0,0,1
1780428233,0,0,0,3,0,0,99,5,470,1503,0,0,0,1
1780428234,0,0,0,3,0,0,99,7,470,1503,0,0,0,1
1780428235,0,0,0,0,0,0,99,7,470,1503,0,0,0,1
1780428236,0,0,0,0,0,0,100,0,470,1503,0,0,0,1
1780428237,0,3,0,5,0,0,99,2,470,1503,0,0,0,1
1780428239,0,3,0,0,0,0,99,7,470,1503,0,0,0,1
1780428240,0,0,0,0,0,0,100,0,470,1503,0,0,0,1
1780428241,0,3,0,0,0,0,99,7,470,1503,0,0,0,1
1780428242,0,0,0,0,0,0,100,0,470,1503,0,0,0,1
1780428243,0,0,0,0,0,0,100,0,470,1503,0,0,0,1
1780428244,0,0,0,3,0,0,99,7,470,1503,0,0,0,1
1780428245,0,3,0,5,0,0,99,2,470,1503,0,0,0,1
1780428246,0,0,0,3,0,0,99,7,470,1503,0,0,0,1
1780428247,0,3,0,0,0,0,99,7,470,1503,0,0,0,1
1780428248,0,0,0,0,0,0,100,0,470,1503,0,0,0,1
1780428249,0,3,0,0,0,3,99,2,470,1503,0,0,0,1
1780428250,0,0,0,0,0,0,100,0,470,1503,0,0,0,1
1780428251,0,0,0,0,0,0,99,7,470,1503,0,0,0,1
1780428252,0,0,0,0,0,0,100,0,471,1502,0,0,0,1
1780428253,0,3,0,3,0,0,99,5,466,1507,0,0,0,1
1780428254,0,3,0,3,0,0,99,5,467,1506,0,0,0,1
1780428255,0,0,0,0,0,0,100,0,467,1506,0,0,0,1
1780428256,0,0,0,0,0,0,100,0,467,1506,0,0,0,1
1780428257,0,0,0,0,0,0,99,7,467,1506,0,0,0,1
1780428258,0,3,0,0,0,0,99,7,468,1505,0,0,0,1
1780428260,0,0,0,0,0,0,99,7,468,1505,0,0,0,1
1780428261,0,0,0,0,0,0,100,0,468,1505,0,0,0,1
1780428262,0,0,0,3,0,0,99,7,468,1506,0,0,0,1
1780428263,0,0,1,0,0,0,99,0,468,1505,0,0,0,1
1780428264,0,3,0,0,0,0,99,7,468,1505,0,0,0,1
1780428265,0,0,0,0,0,0,100,0,468,1505,0,0,0,1
1780428266,0,0,0,0,0,0,100,0,468,1505,0,0,0,1
1780428267,0,0,0,0,0,0,99,7,468,1505,0,0,0,1
1780428268,0,0,0,0,0,0,100,0,468,1505,0,0,0,1
1780428269,0,3,0,5,0,0,99,2,468,1505,0,0,0,1
1780428270,0,0,0,3,0,0,99,7,468,1505,0,0,0,1
1780428271,0,0,0,0,0,0,100,0,468,1505,0,0,0,1
1780428272,0,3,0,0,0,0,99,7,468,1505,0,0,0,1
1780428273,0,0,0,0,0,5,99,5,468,1505,0,0,0,1
1780428274,0,0,0,3,0,0,99,7,468,1505,0,0,0,1
1780428275,0,0,0,0,0,0,100,0,469,1505,0,0,0,1
1780428276,0,3,0,0,0,0,99,5,469,1505,0,0,0,1
1780428277,0,0,0,0,0,0,100,0,469,1505,0,0,0,1
1780428278,0,0,0,0,0,0,100,0,469,1505,0,0,0,1
1780428280,0,0,0,0,0,0,100,0,469,1505,0,0,0,1
1780428281,0,0,0,3,0,0,99,7,469,1505,0,0,0,1
1780428282,0,0,0,0,0,0,100,0,469,1505,0,0,0,1
1780428283,0,0,0,0,0,0,100,0,469,1505,0,0,0,1
1780428284,0,0,0,0,0,0,100,0,469,1505,0,0,0,1
1780428285,0,3,0,0,0,0,99,7,469,1505,0,0,0,1
1780428286,0,0,0,0,0,0,100,0,469,1505,0,0,0,1
1780428287,0,0,0,3,0,0,99,7,469,1505,0,0,0,1
1780428288,0,0,0,0,0,0,100,0,469,1505,0,0,0,1
1780428289,0,0,0,0,0,0,100,0,469,1505,0,0,0,1
1780428290,0,0,0,0,0,0,100,0,469,1504,0,0,0,1
1780428291,0,0,0,3,0,0,99,7,469,1504,0,0,0,1
1780428292,0,5,0,5,0,3,98,7,470,1503,12,9,0,1
1780428293,0,0,0,0,0,0,100,0,470,1503,0,0,0,1
1780428294,0,0,0,0,0,0,99,7,470,1503,0,0,0,1
1780428295,0,0,0,3,0,0,99,7,470,1503,0,0,0,1
1780428296,0,0,0,0,0,0,100,0,470,1503,0,0,0,1
1780428297,0,0,0,3,0,0,99,7,470,1503,0,0,0,1
1780428298,0,0,0,0,0,0,100,0,470,1503,0,0,0,1
1780428299,0,0,0,0,0,0,100,0,470,1503,0,0,0,1
1780428300,0,3,0,3,0,0,99,2,470,1503,0,0,0,1
1780428302,0,0,0,0,0,0,100,0,470,1503,0,0,0,1
1780428303,0,0,0,0,0,0,100,0,470,1503,0,0,0,1
1780428304,0,0,0,0,1,0,98,7,470,1503,0,0,0,1
1780428305,0,0,0,0,0,0,100,0,470,1503,0,0,0,1
1780428306,0,0,0,0,0,0,100,0,470,1503,0,0,0,1
1780428307,0,0,0,5,0,0,99,5,471,1502,0,0,0,1
1780428308,0,3,0,0,0,0,99,7,471,1502,0,0,0,1
1780428309,0,0,0,3,0,0,99,7,472,1501,0,0,0,1
1780428310,0,0,0,0,0,0,100,0,472,1501,0,0,0,1
1780428311,0,0,0,0,0,0,100,0,472,1501,0,0,0,1
1780428312,0,0,0,0,0,0,100,0,472,1501,0,0,0,1
1780428313,0,3,0,0,0,0,99,7,472,1501,0,0,0,1
1780428314,0,0,0,5,0,0,99,5,472,1501,0,0,0,1
1780428315,0,0,0,0,0,0,100,0,472,1501,0,0,0,1
1780428316,0,0,0,0,0,0,99,7,472,1501,0,0,0,1
1780428317,0,0,0,0,0,0,100,0,472,1501,0,0,0,1
1780428318,0,0,0,8,0,0,99,2,472,1501,0,0,0,1
1780428319,0,0,0,0,0,0,100,0,472,1501,0,0,0,1
1780428320,0,0,0,0,0,0,99,7,472,1501,0,0,0,1
1780428321,0,0,0,3,0,0,99,5,472,1501,0,0,0,1
1780428323,0,0,0,0,0,0,100,0,472,1501,0,0,0,1
1780428324,0,0,0,0,0,0,100,0,472,1501,0,0,0,1
1780428325,0,0,0,0,0,0,100,0,472,1501,0,0,0,1
1780428326,0,0,0,0,0,0,100,0,472,1501,0,0,0,1
1780428327,0,0,0,0,0,0,100,0,472,1501,0,0,0,1
1780428328,0,0,0,5,1,0,98,4,472,1501,0,0,0,1
1780428329,0,0,0,0,0,0,100,0,472,1501,0,0,0,1
1780428330,0,0,0,0,0,0,100,0,472,1501,0,0,0,1
1780428331,0,0,0,0,0,0,99,7,472,1501,0,0,0,1
1780428332,0,0,0,3,0,0,99,7,472,1501,0,0,0,1
1780428333,0,0,0,3,0,0,99,7,472,1501,0,0,0,1
1780428334,0,0,0,0,0,8,99,2,472,1501,0,0,0,1
1780428335,0,0,0,3,0,0,99,5,472,1501,0,0,0,1
1780428336,0,3,0,5,0,0,99,2,472,1501,0,0,0,1
1780428337,0,0,0,0,0,0,100,0,472,1501,0,0,0,1
1780428338,0,0,0,0,0,0,100,0,472,1501,0,0,0,1
1780428339,0,0,0,3,0,0,99,7,472,1501,0,0,0,1
1780428340,0,0,0,3,0,3,99,5,472,1501,0,0,0,1
1780428341,0,0,0,0,0,0,100,0,472,1501,0,0,0,1
1780428342,0,3,0,3,0,0,99,5,472,1501,0,0,0,1
1780428343,0,3,0,0,0,0,99,7,472,1501,0,0,0,1
1780428344,0,0,0,0,0,0,100,0,472,1501,0,0,0,1
1780428346,0,0,0,0,0,0,100,0,472,1501,0,0,0,1
1780428347,0,0,0,0,0,0,100,0,472,1501,0,0,0,1
1780428348,0,0,0,0,0,0,100,0,472,1501,0,0,0,1
1780428349,0,0,0,0,0,0,99,7,472,1501,0,0,0,1
1780428350,0,0,0,0,0,0,100,0,472,1501,0,0,0,1
1780428351,0,0,0,0,0,0,100,0,472,1501,0,0,0,1
1780428352,0,5,0,3,0,0,99,0,472,1501,0,0,0,1
1780428353,0,0,0,0,0,0,100,0,472,1501,0,0,0,1
1780428354,0,0,0,0,0,0,99,8,471,1502,0,0,0,1
1780428355,0,0,0,0,0,0,100,0,471,1502,0,0,0,1
1780428356,0,0,0,0,0,0,99,5,471,1502,0,0,0,1
1780428357,0,0,0,0,0,0,100,0,471,1502,0,0,0,1
1780428358,0,3,0,0,0,3,99,5,471,1502,0,0,0,1
1780428359,0,0,0,0,0,0,100,0,471,1502,0,0,0,1
1780428360,0,3,0,3,0,0,99,5,471,1502,0,0,0,1
1780428361,0,0,0,3,0,0,99,7,471,1502,0,0,0,1
1780428362,0,0,0,0,0,0,100,0,470,1503,0,0,0,1
1780428363,0,0,0,0,0,0,99,7,470,1503,0,0,0,1
1780428365,0,0,0,0,0,0,99,7,470,1503,0,0,0,1
1780428366,0,0,0,0,0,0,100,0,470,1502,0,0,0,1
1780428367,0,0,0,3,0,0,99,7,471,1502,0,0,0,1
1780428368,0,0,0,8,0,0,99,2,471,1502,0,0,0,1
1780428369,0,0,0,3,0,0,99,7,471,1502,0,0,0,1
1780428370,0,0,0,0,0,0,100,0,471,1502,0,0,0,1
1780428371,0,0,0,0,0,3,99,5,471,1502,0,0,0,1
1780428372,0,0,0,0,0,0,99,7,471,1502,0,0,0,1
1780428373,0,5,0,5,0,0,99,0,471,1502,0,0,0,1
1780428374,0,0,0,0,0,0,100,0,472,1501,0,0,0,1
1780428375,0,3,0,0,0,0,99,7,472,1501,0,0,0,1
1780428376,0,0,0,0,0,0,100,0,472,1501,0,0,0,1
1780428377,0,0,0,3,0,0,99,7,472,1501,0,0,0,1
1780428378,0,3,0,0,0,0,99,7,472,1501,0,0,0,1
1780428379,0,0,0,3,0,0,99,7,472,1501,0,0,0,1
1780428380,0,0,0,0,0,0,99,7,472,1501,0,0,0,1
1780428381,0,3,0,5,0,0,99,0,471,1502,0,0,0,1
1780428382,0,0,0,0,0,0,100,0,471,1502,0,0,0,1
1780428383,0,0,0,3,0,0,99,7,472,1502,0,0,0,1
1780428384,0,0,0,0,0,0,100,0,472,1501,0,0,0,1
1780428385,0,0,0,0,0,0,100,0,472,1501,0,0,0,1
1780428387,0,0,0,3,0,0,99,7,472,1501,0,0,0,1
1780428388,0,0,0,0,0,0,99,7,472,1501,0,0,0,1
1780428389,0,3,0,3,0,0,99,5,465,1508,0,0,0,1
1780428390,0,0,0,0,0,3,99,7,466,1507,0,0,0,1
1780428391,0,0,0,0,0,0,100,0,466,1507,0,0,0,1
1780428392,0,0,0,0,0,0,100,0,466,1507,0,0,0,1
1780428393,0,0,0,0,0,0,100,0,466,1507,0,0,0,1
1780428394,0,0,0,0,0,0,100,0,466,1507,0,0,0,1
1780428395,0,3,0,3,0,0,99,2,467,1506,0,0,0,1
1780428396,0,0,0,0,0,0,100,0,467,1506,0,0,0,1
1780428397,0,0,0,3,0,0,99,7,467,1506,0,0,0,1
1780428398,0,3,0,0,0,0,99,7,467,1506,0,0,0,1
1780428399,0,0,0,3,0,0,99,7,468,1506,0,0,0,1
1780428400,0,0,0,0,0,0,100,0,468,1505,0,0,0,1
1780428401,0,3,0,0,0,3,99,5,468,1505,0,0,0,1
1780428402,0,0,0,0,0,0,100,0,468,1505,0,0,0,1
1780428403,0,0,0,0,0,0,100,0,468,1505,0,0,0,1
1780428404,0,3,0,5,0,0,99,2,468,1505,0,0,0,1
1780428405,0,0,0,0,0,0,100,0,468,1505,0,0,0,1
1780428406,0,0,0,0,0,0,100,0,468,1505,0,0,0,1
1780428407,0,2,0,0,0,0,99,5,468,1505,0,0,0,1
1780428409,0,3,0,0,0,0,99,7,468,1505,0,0,0,1
1780428410,0,0,0,0,0,0,100,0,468,1505,0,0,0,1
1780428411,0,5,0,3,0,0,99,0,468,1506,0,0,0,1
1780428412,0,0,0,0,0,0,100,0,468,1506,0,0,0,1
1780428413,0,0,0,0,0,0,99,7,468,1506,0,0,0,1
1780428414,0,0,0,0,0,3,99,7,468,1506,0,0,0,1
1780428415,0,3,0,0,0,0,99,7,468,1506,0,0,0,1
1780428416,0,3,0,0,0,0,99,7,468,1506,0,0,0,1
1780428417,0,0,0,3,0,0,99,7,468,1506,0,0,0,1
1780428418,0,0,0,0,0,0,100,0,468,1506,0,0,0,1
1780428419,0,0,0,5,0,0,99,5,468,1506,0,0,0,1
1780428420,0,0,0,0,0,0,100,0,468,1506,0,0,0,1
1780428421,0,0,0,0,0,0,100,0,468,1506,0,0,0,1
1780428422,0,0,0,0,0,0,100,0,468,1506,0,0,0,1
1780428423,0,0,0,0,0,0,100,0,468,1506,0,0,0,1
1780428425,0,0,0,0,0,0,99,7,468,1506,0,0,0,1
1780428426,0,0,0,0,0,0,100,0,468,1506,0,0,0,1
1780428427,0,0,0,0,0,0,100,0,468,1506,0,0,0,1
1780428428,0,0,0,0,0,0,100,0,468,1506,0,0,0,1
1780428429,0,3,0,3,0,0,99,5,468,1506,0,0,0,1
1780428430,0,0,0,0,0,0,100,0,468,1506,0,0,0,1
1780428431,0,3,0,0,0,0,99,7,468,1506,0,0,0,1
1780428432,0,0,0,3,0,0,99,5,468,1506,0,0,0,1
1780428433,0,0,0,0,0,0,100,0,468,1506,0,0,0,1
1780428434,0,0,0,0,0,0,100,0,468,1506,0,0,0,1
1780428435,0,3,0,3,0,0,99,5,468,1505,0,0,0,1
1780428436,0,0,0,0,0,0,100,0,468,1505,0,0,0,1
1780428437,0,3,0,0,1,0,98,7,468,1505,0,0,0,1
1780428438,0,0,0,0,0,0,100,0,468,1505,0,0,0,1
1780428439,0,0,0,0,0,0,100,0,468,1505,0,0,0,1
1780428440,0,0,0,0,0,0,100,0,468,1505,0,0,0,1
1780428441,0,0,0,0,0,0,99,7,469,1504,0,0,0,1
1780428442,0,0,0,0,0,0,100,0,469,1504,0,0,0,1
1780428443,0,0,0,0,0,0,99,7,469,1504,0,0,0,1
1780428444,0,3,0,3,0,0,99,5,469,1504,0,0,0,1
1780428445,0,0,0,0,0,0,100,0,469,1504,0,0,0,1
1780428447,0,0,0,0,0,0,100,0,469,1504,0,0,0,1
1780428448,0,0,0,3,0,0,99,7,469,1504,0,0,0,1
1780428449,0,0,0,0,0,0,100,0,469,1504,0,0,0,1
1780428450,0,0,0,3,0,3,99,2,469,1504,0,0,0,1
1780428451,0,0,0,3,0,0,99,7,469,1504,0,0,0,1
1780428452,0,0,0,0,0,0,99,7,469,1504,0,0,0,1
1780428453,0,0,0,5,0,0,99,5,469,1504,0,0,0,1
1780428454,0,0,0,0,0,0,100,0,469,1504,0,0,0,1
1780428455,0,0,0,0,0,0,99,7,469,1504,0,0,0,1
1780428456,0,0,0,0,0,0,100,0,469,1504,0,0,0,1
1780428457,0,0,0,0,0,0,100,0,469,1504,0,0,0,1
1780428458,0,3,0,5,0,0,99,2,469,1504,0,0,0,1
1780428459,0,0,0,0,0,0,100,0,469,1504,0,0,0,1
1780428460,0,0,0,0,0,0,100,0,469,1504,0,0,0,1
1780428461,0,0,0,0,0,0,100,0,468,1505,0,0,0,1
1780428462,0,0,0,3,0,0,99,7,468,1505,0,0,0,1
1780428463,0,5,0,2,0,0,99,3,468,1505,0,0,0,1
1780428464,0,0,0,0,0,0,100,0,469,1504,0,0,0,1
1780428465,0,0,0,0,0,0,100,0,469,1504,0,0,0,1
1780428466,0,0,0,0,0,0,100,0,469,1504,0,0,0,1
1780428468,0,0,0,0,0,8,99,0,469,1504,0,0,0,1
1780428469,0,3,0,3,0,0,99,5,469,1504,0,0,0,1
1780428470,0,0,0,0,0,0,99,7,469,1504,0,0,0,1
1780428471,0,0,0,0,0,0,100,0,469,1504,0,0,0,1
1780428472,0,0,0,0,0,0,100,0,469,1504,0,0,0,1
1780428473,0,0,0,0,0,0,100,0,470,1503,0,0,0,1
1780428474,0,0,0,0,0,0,100,0,470,1503,0,0,0,1
1780428475,0,0,0,0,0,0,100,0,470,1503,0,0,0,1
1780428476,0,3,0,3,0,0,99,2,470,1503,0,0,0,1
1780428477,0,0,0,3,0,0,99,7,470,1503,0,0,0,1
1780428478,0,0,0,3,0,0,99,7,471,1502,0,0,0,1
1780428479,0,0,0,0,0,0,99,7,471,1502,0,0,0,1
1780428480,0,0,0,0,0,0,100,0,470,1503,0,0,0,1
1780428481,0,0,0,3,0,0,99,7,470,1503,0,0,0,1
1780428482,0,0,0,0,0,0,100,0,470,1503,0,0,0,1
1780428483,0,0,0,0,0,0,100,0,470,1503,0,0,0,1
1780428484,0,3,0,5,0,0,99,0,470,1503,0,0,0,1
1780428485,0,0,0,3,0,0,99,7,470,1503,0,0,0,1
1780428486,0,0,0,0,0,0,100,0,470,1503,0,0,0,1
1780428487,0,0,0,0,0,0,100,0,470,1503,0,0,0,1
1780428488,0,0,0,2,0,0,99,5,469,1504,0,0,0,1
1780428490,0,0,0,3,0,0,99,5,469,1504,0,0,0,1
1780428491,0,0,0,0,0,0,100,0,469,1504,0,0,0,1
1780428492,0,0,0,0,0,0,99,7,469,1504,0,0,0,1
1780428493,0,0,0,0,0,0,100,0,469,1504,0,0,0,1
1780428494,0,3,0,0,0,0,99,7,469,1504,0,0,0,1
1780428495,0,3,0,5,0,0,99,2,469,1504,0,0,0,1
1780428496,0,3,0,0,0,0,99,7,469,1504,0,0,0,1
1780428497,0,0,0,0,0,0,100,0,470,1504,0,0,0,1
1780428498,0,0,0,0,1,0,98,7,470,1503,0,0,0,1
1780428499,0,0,0,0,0,0,100,0,470,1503,0,0,0,1
1780428500,0,0,0,3,0,0,99,5,470,1503,0,0,0,1
1780428501,0,0,0,0,0,0,100,0,470,1504,0,0,0,1
1780428502,0,3,0,0,0,0,99,7,470,1504,0,0,0,1
1780428503,0,0,0,0,0,3,99,5,470,1503,0,0,0,1
1780428504,0,0,0,0,0,0,100,0,470,1503,0,0,0,1
1780428505,0,3,0,0,0,0,99,7,469,1504,0,0,0,1
1780428506,0,0,0,3,0,0,99,7,469,1504,0,0,0,1
1780428507,0,0,0,0,0,0,100,0,469,1504,0,0,0,1
1780428508,0,0,0,3,0,0,99,5,457,1516,0,0,0,1
1780428509,0,0,0,0,0,8,99,2,458,1515,0,0,0,1
1780428511,0,0,0,0,0,2,99,8,459,1514,0,0,0,1
1780428512,0,0,0,0,0,0,100,0,460,1514,0,0,0,1
1780428513,0,0,0,0,0,0,100,0,460,1513,0,0,0,1
1780428514,0,0,0,0,0,0,99,7,460,1513,0,0,0,1
1780428515,0,0,0,0,0,0,100,0,460,1513,0,0,0,1
1780428516,0,3,0,3,0,0,99,2,460,1513,0,0,0,1
1780428517,0,0,0,0,0,0,100,0,461,1512,0,0,0,1
1780428518,0,0,0,0,0,0,100,0,461,1512,0,0,0,1
1780428519,0,0,0,0,0,0,100,0,461,1512,0,0,0,1
1780428520,0,3,0,0,0,0,99,7,461,1512,0,0,0,1
1780428521,0,0,0,5,0,0,99,5,461,1512,0,0,0,1
1780428522,0,3,0,0,0,0,99,7,461,1512,0,0,0,1
1780428523,0,0,0,5,0,0,99,3,462,1512,0,0,0,1
1780428524,0,0,0,3,0,0,99,5,462,1512,0,0,0,1
1780428525,0,0,0,3,0,0,99,7,462,1512,0,0,0,1
1780428526,0,3,0,0,0,0,99,7,462,1512,0,0,0,1
1780428527,0,0,0,0,0,0,100,0,462,1511,0,0,0,1
1780428529,0,0,0,3,0,0,99,7,462,1511,0,0,0,1
1780428530,0,0,0,3,0,0,99,7,462,1511,0,0,0,1
1780428531,0,0,0,0,0,0,99,7,463,1511,0,0,0,1
1780428532,0,3,0,5,0,0,99,2,463,1510,0,0,0,1
1780428533,0,3,0,0,0,0,99,7,463,1510,0,0,0,1
1780428534,0,0,0,0,0,0,100,0,465,1508,0,0,0,1
1780428535,0,0,0,0,0,0,99,7,466,1507,1,0,0,1
1780428536,0,0,0,5,0,0,99,2,466,1507,0,0,0,1
1780428537,0,0,0,3,0,0,99,7,466,1507,0,0,0,1
1780428538,0,0,0,0,0,0,100,0,466,1507,0,0,0,1
1780428539,0,0,0,0,0,0,100,0,466,1507,0,0,0,1
1780428540,0,0,0,0,0,0,100,0,466,1507,0,0,0,1
1780428541,0,0,0,3,0,0,99,7,467,1506,0,0,0,1
1780428542,0,0,0,0,0,0,100,0,467,1506,0,0,0,1
1780428543,0,0,0,0,0,0,100,0,467,1506,0,0,0,1
1780428544,0,0,0,0,0,0,100,0,467,1506,0,0,0,1
1780428545,0,0,0,3,0,0,99,7,467,1506,0,0,0,1
1780428546,0,0,0,3,0,0,99,7,467,1506,0,0,0,1
1780428547,0,0,0,0,0,3,99,7,467,1506,0,0,0,1
1780428548,0,0,0,0,0,0,99,7,467,1506,0,0,0,1
1780428549,0,5,0,2,0,0,99,3,467,1506,0,0,0,1
1780428551,0,0,0,0,0,0,100,0,468,1505,0,0,0,1
1780428552,0,3,0,0,0,0,99,7,468,1505,0,0,0,1
1780428553,0,0,0,0,0,0,100,0,468,1505,0,0,0,1
1780428554,0,0,0,0,0,8,98,7,468,1505,0,0,0,1
1780428555,0,0,0,0,0,0,100,0,468,1505,0,0,0,1
1780428556,0,0,0,0,0,0,100,0,468,1505,0,0,0,1
1780428557,0,3,0,0,0,0,99,5,468,1505,0,0,0,1
1780428558,0,3,0,5,0,0,99,2,467,1506,0,0,0,1
1780428559,0,0,0,5,0,0,99,5,466,1507,0,0,0,1
1780428560,0,0,0,0,0,3,99,7,466,1507,0,0,0,1
1780428561,0,0,0,0,0,0,100,0,466,1507,0,0,0,1
1780428562,0,0,0,0,0,0,100,0,466,1507,0,0,0,1
1780428563,0,0,0,0,0,0,100,0,466,1507,0,0,0,1
1780428564,0,0,0,0,0,0,100,0,466,1507,0,0,0,1
1780428565,0,0,0,0,0,0,99,7,466,1507,0,0,0,1
1780428566,0,5,0,3,0,0,99,0,464,1509,0,0,0,1
1780428567,0,0,0,3,0,0,99,7,464,1509,0,0,0,1
1780428568,0,3,0,0,0,0,99,5,464,1509,0,0,0,1
1780428570,0,0,0,3,0,0,99,7,465,1508,0,0,0,1
1780428571,0,0,0,0,0,0,100,0,465,1508,0,0,0,1
1780428572,0,3,0,0,0,0,99,7,465,1508,0,0,0,1
1780428573,0,0,0,0,0,0,100,0,464,1509,0,0,0,1
1780428574,0,0,0,5,0,0,99,5,464,1509,0,0,0,1
1780428575,0,0,0,0,0,0,100,0,464,1509,0,0,0,1
1780428576,0,0,0,0,0,0,99,7,464,1509,0,0,0,1
1780428577,0,0,0,3,0,0,99,7,464,1509,0,0,0,1
1780428578,0,0,0,0,0,0,100,0,464,1509,0,0,0,1
1780428579,0,3,0,5,0,0,99,2,465,1509,0,0,0,1
1780428580,0,0,0,3,0,0,99,7,465,1508,0,0,0,1
1780428581,0,0,0,0,0,0,100,0,465,1508,0,0,0,1
1780428582,0,0,0,0,0,0,100,0,465,1508,0,0,0,1
1780428583,0,0,0,0,0,0,100,0,466,1507,0,0,0,1
1780428584,0,0,0,0,0,0,100,0,466,1507,0,0,0,1
1780428585,0,0,0,3,0,0,99,7,466,1507,0,0,0,1
1780428586,0,3,0,5,0,3,98,5,466,1507,12,9,0,1
1780428587,0,0,0,3,0,0,99,7,466,1507,0,0,0,1
1780428588,0,0,0,0,0,0,100,0,466,1507,0,0,0,1
1780428589,0,0,0,0,0,0,100,0,466,1507,0,0,0,1
1780428590,0,0,0,0,0,0,100,0,466,1507,0,0,0,1
1780428592,0,0,0,0,0,0,100,0,466,1507,0,0,0,1
1780428593,0,3,0,0,0,0,99,7,466,1507,0,0,0,1
1780428594,0,0,0,0,0,0,99,7,467,1507,0,0,0,1
1780428595,0,0,0,0,0,0,100,0,467,1507,0,0,0,1
1780428596,0,0,0,3,0,0,99,7,467,1506,0,0,0,1
1780428597,0,0,0,0,0,0,100,0,467,1506,0,0,0,1
1780428598,0,0,0,0,0,0,100,0,468,1506,0,0,0,1
1780428599,0,0,0,3,0,0,99,5,468,1505,0,0,0,1
1780428600,0,3,0,5,0,0,99,0,468,1505,0,0,0,1
1780428601,0,0,0,3,0,0,99,7,468,1505,0,0,0,1
1780428602,0,0,0,3,0,0,99,7,468,1505,0,0,0,1
1780428603,0,0,0,0,0,0,100,0,468,1505,0,0,0,1
1780428604,0,0,0,0,0,0,100,0,468,1505,0,0,0,1
1780428605,0,0,0,0,0,0,100,0,468,1505,0,0,0,1
1780428606,0,0,0,0,0,3,99,7,468,1505,0,0,0,1
1780428607,0,3,0,0,0,0,99,5,468,1505,0,0,0,1
1780428608,0,0,0,3,0,0,99,7,468,1505,0,0,0,1
1780428609,0,0,0,0,0,0,100,0,468,1505,0,0,0,1
1780428610,0,0,0,0,0,0,100,0,468,1506,0,0,0,1
1780428611,0,0,0,0,0,0,99,7,466,1506,0,0,0,1
1780428612,0,0,0,0,0,0,100,0,467,1506,0,0,0,1
1780428614,0,3,0,3,0,0,99,5,467,1506,0,0,0,1
1780428615,0,3,0,0,0,0,99,7,467,1506,0,0,0,1
1780428616,0,3,0,3,0,0,99,5,467,1506,0,0,0,1
1780428617,0,0,0,5,0,0,99,2,468,1505,0,0,0,1
1780428618,0,0,0,0,0,0,100,0,468,1505,0,0,0,1
1780428619,0,3,0,0,0,0,99,7,468,1505,0,0,0,1
1780428620,0,0,0,0,0,0,100,0,468,1505,0,0,0,1
1780428621,0,3,0,0,0,0,99,7,468,1505,0,0,0,1
1780428622,0,0,0,0,0,0,100,0,468,1505,0,0,0,1
1780428623,0,0,0,0,0,0,100,0,468,1505,0,0,0,1
1780428624,0,3,0,0,0,0,99,5,468,1505,1,0,0,1
1780428625,0,0,0,0,0,0,99,7,468,1505,0,0,0,1
1780428626,0,5,0,3,0,0,99,2,468,1505,0,0,0,1
1780428627,0,0,0,0,0,0,100,0,468,1505,0,0,0,1
1780428628,0,0,0,0,0,0,100,0,468,1505,0,0,0,1
1780428629,0,0,0,0,0,0,100,0,468,1505,0,0,0,1
1780428630,0,0,0,0,0,0,100,0,468,1505,0,0,0,1
1780428631,0,5,0,3,0,0,99,2,460,1513,0,0,0,1
1780428632,0,0,0,0,0,0,100,0,461,1512,0,0,0,1
1780428634,0,0,0,0,0,0,100,0,461,1512,0,0,0,1
1780428635,0,0,0,0,0,0,100,0,461,1512,0,0,0,1
1780428636,0,0,0,3,0,0,99,7,461,1512,0,0,0,1
1780428637,0,0,0,0,0,0,100,0,461,1512,0,0,0,1
1780428638,0,0,0,0,0,0,100,0,461,1512,0,0,0,1
1780428639,0,3,0,3,0,0,99,5,461,1512,0,0,0,1
1780428640,0,0,0,3,0,0,99,7,462,1512,0,0,0,1
1780428641,0,0,0,0,0,0,100,0,461,1512,0,0,0,1
1780428642,0,0,0,0,0,0,100,0,461,1512,0,0,0,1
1780428643,0,0,0,0,0,3,99,7,460,1513,0,0,0,1
1780428644,0,0,0,0,0,0,100,0,461,1512,0,0,0,1
1780428645,0,3,0,5,0,0,99,2,462,1511,0,0,0,1
1780428646,0,0,0,3,0,0,99,2,462,1511,0,0,0,1
1780428647,0,3,0,0,0,0,99,7,463,1510,0,0,0,1
1780428648,0,0,0,3,0,0,99,7,462,1511,0,0,0,1
1780428649,0,3,0,3,0,0,99,5,462,1511,0,0,0,1
1780428650,0,0,0,0,0,0,100,0,462,1511,0,0,0,1
1780428652,0,3,0,0,0,0,99,7,463,1510,0,0,0,1
1780428653,0,0,0,8,0,0,99,2,463,1510,0,0,0,1
1780428654,0,0,0,0,0,0,100,0,463,1510,0,0,0,1
1780428655,0,0,0,3,0,0,99,5,462,1511,0,0,0,1
1780428656,0,0,0,0,0,0,99,7,462,1511,0,0,0,1
1780428657,0,0,0,3,0,0,99,7,462,1511,0,0,0,1
1780428658,0,0,0,0,0,0,100,0,462,1511,0,0,0,1
1780428659,0,3,0,0,0,0,99,7,462,1511,0,0,0,1
1780428660,0,0,0,0,0,0,100,0,462,1511,0,0,0,1
1780428661,0,5,0,0,0,0,99,2,462,1511,0,0,0,1
1780428662,0,0,0,0,0,0,100,0,462,1511,0,0,0,1
1780428663,0,0,0,0,0,0,100,0,462,1511,0,0,0,1
1780428664,0,0,0,0,0,0,99,7,463,1510,0,0,0,1
1780428665,0,0,0,0,0,0,100,0,465,1508,0,0,0,1
1780428666,0,0,0,0,0,0,100,0,465,1509,0,0,0,1
1780428667,0,0,0,0,0,0,100,0,465,1509,0,0,0,1
1780428668,0,3,0,3,0,0,99,5,465,1509,0,0,0,1
1780428669,0,0,0,0,0,0,99,7,465,1509,0,0,0,1
1780428670,0,0,0,0,0,0,100,0,465,1509,0,0,0,1
1780428672,0,0,0,0,0,0,100,0,465,1509,0,0,0,1
1780428673,0,0,0,0,0,3,99,5,465,1509,0,0,0,1
1780428674,0,0,0,0,0,0,100,0,465,1508,0,0,0,1
1780428675,0,0,0,0,0,0,100,0,465,1508,0,0,0,1
1780428676,0,3,0,5,0,0,99,2,466,1508,0,0,0,1
1780428677,0,0,0,3,0,0,99,7,466,1507,0,0,0,1
1780428678,0,0,0,0,0,0,99,7,467,1507,0,0,0,1
1780428679,0,0,0,0,0,8,99,2,468,1506,0,0,0,1
1780428680,0,0,0,0,0,0,99,7,468,1505,0,0,0,1
1780428681,0,3,0,3,0,0,99,5,468,1505,0,0,0,1
1780428682,0,0,0,5,0,0,99,5,468,1505,0,0,0,1
1780428683,0,3,0,0,0,0,99,7,468,1505,0,0,0,1
1780428684,0,0,0,0,0,3,99,7,468,1505,0,0,0,1
1780428685,0,0,0,0,0,0,100,0,468,1505,0,0,0,1
1780428686,0,0,0,0,0,0,99,7,469,1505,0,0,0,1
1780428687,0,0,0,0,0,0,99,7,469,1505,0,0,0,1
1780428688,0,0,0,0,0,0,100,0,468,1505,0,0,0,1
1780428689,0,0,0,0,0,0,100,0,468,1505,0,0,0,1
1780428690,0,3,0,5,1,0,97,9,468,1505,0,0,0,1
1780428691,0,0,0,3,0,0,99,7,468,1505,0,0,0,1
1780428692,0,3,0,0,0,0,99,7,468,1505,0,0,0,1
1780428694,0,0,0,0,0,0,100,0,468,1505,0,0,0,1
1780428695,0,0,0,3,0,0,99,7,468,1505,0,0,0,1
1780428696,0,0,0,0,0,0,100,0,468,1505,0,0,0,1
1780428697,0,3,0,3,0,3,99,2,468,1505,0,0,0,1
1780428698,0,0,0,0,0,0,99,7,468,1505,0,0,0,1
1780428699,0,0,0,0,0,0,100,0,468,1505,0,0,0,1
1780428700,0,3,0,0,0,0,99,7,468,1505,0,0,0,1
1780428701,0,0,0,0,0,0,100,0,468,1505,0,0,0,1
1780428702,0,0,0,3,0,0,99,5,468,1505,0,0,0,1
1780428703,0,0,0,0,1,0,98,7,468,1505,0,0,0,1
1780428704,0,0,0,5,0,0,99,5,469,1505,0,0,0,1
1780428705,0,0,0,0,0,0,100,0,469,1504,0,0,0,1
1780428706,0,0,0,0,0,0,100,0,469,1504,0,0,0,1
1780428707,0,3,0,3,0,0,99,5,469,1504,0,0,0,1
1780428708,0,0,0,0,0,0,100,0,469,1504,0,0,0,1
1780428709,0,3,0,5,0,0,99,2,470,1503,0,0,0,1
1780428710,0,0,0,3,0,0,99,7,470,1503,0,0,0,1
1780428711,0,0,0,0,0,0,100,0,470,1503,0,0,0,1
1780428712,0,0,0,0,0,0,100,0,470,1503,0,0,0,1
1780428713,0,0,0,3,0,0,99,5,470,1503,0,0,0,1
1780428714,0,3,0,5,0,0,99,2,470,1503,0,0,0,1
1780428716,0,3,0,0,0,0,99,5,470,1503,0,0,0,1
1780428717,0,0,0,0,0,0,100,0,470,1503,0,0,0,1
1780428718,0,0,0,0,0,0,100,0,470,1503,0,0,0,1
1780428719,0,0,0,0,0,0,100,0,470,1503,0,0,0,1
1780428720,0,0,0,0,0,0,100,0,470,1503,0,0,0,1
1780428721,0,0,0,3,0,0,99,7,470,1503,1,0,0,1
1780428722,0,0,0,8,0,0,99,0,470,1503,0,0,0,1
1780428723,0,0,0,0,0,0,100,0,471,1502,0,0,0,1
1780428724,0,0,0,0,0,0,100,0,471,1502,0,0,0,1
1780428725,0,0,0,3,0,0,99,7,471,1502,0,0,0,1
1780428726,0,0,0,0,0,0,100,0,471,1502,0,0,0,1
1780428727,0,0,0,0,0,0,100,0,471,1502,0,0,0,1
1780428728,0,0,0,0,0,0,100,0,471,1502,0,0,0,1
1780428729,0,0,0,0,0,0,99,7,471,1502,0,0,0,1
1780428730,0,5,0,5,0,0,99,0,471,1502,0,0,0,1
1780428731,0,0,0,0,0,0,99,7,471,1502,0,0,0,1
1780428732,0,0,0,0,0,0,100,0,471,1502,0,0,0,1
1780428733,0,3,0,0,0,0,99,7,471,1502,0,0,0,1
1780428734,0,0,0,0,0,0,100,0,471,1502,0,0,0,1
1780428735,0,0,0,3,0,0,99,7,471,1502,0,0,0,1
1780428736,0,3,0,5,0,0,99,2,471,1502,0,0,0,1
1780428738,0,0,0,0,0,0,100,0,471,1502,0,0,0,1
1780428739,0,0,0,0,0,0,99,7,471,1502,0,0,0,1
1780428740,0,0,0,3,0,0,99,7,472,1501,0,0,0,1
1780428741,0,3,0,0,0,0,99,7,472,1501,0,0,0,1
1780428742,0,0,0,0,0,0,99,7,472,1501,0,0,0,1
1780428743,0,0,0,0,0,0,100,0,472,1501,0,0,0,1
1780428744,0,0,0,3,0,0,99,7,472,1501,0,0,0,1
1780428745,0,0,0,0,0,0,100,0,472,1501,0,0,0,1
1780428746,0,3,0,0,0,0,99,5,473,1501,0,0,0,1
1780428747,0,0,0,0,0,0,100,0,473,1500,0,0,0,1
1780428748,0,0,0,0,0,0,99,7,474,1499,0,0,0,1
1780428749,0,0,0,0,0,0,100,0,474,1499,0,0,0,1
1780428750,0,3,0,3,0,0,99,5,474,1499,0,0,0,1
1780428751,0,5,0,0,0,3,99,2,475,1499,0,0,0,1
1780428752,0,3,0,3,0,0,99,5,475,1498,0,0,0,1
1780428753,0,0,0,3,0,0,99,7,475,1498,0,0,0,1
1780428754,0,0,0,0,0,0,100,0,475,1499,0,0,0,1
1780428755,0,0,0,0,0,0,99,7,475,1499,0,0,0,1
1780428756,0,0,0,5,0,0,99,5,475,1498,0,0,0,1
1780428758,0,0,0,3,0,0,99,7,475,1499,0,0,0,1
1780428759,0,0,0,5,0,0,99,2,474,1499,0,0,0,1
1780428760,0,0,0,0,0,0,100,0,474,1499,0,0,0,1
1780428761,0,0,0,0,0,0,100,0,474,1499,0,0,0,1
1780428762,0,0,0,3,0,0,99,7,474,1499,0,0,0,1
1780428763,0,0,0,0,0,0,100,0,474,1499,0,0,0,1
1780428764,0,0,0,0,0,0,100,0,474,1499,0,0,0,1
1780428765,0,3,0,5,0,0,99,2,473,1500,0,0,0,1
1780428766,0,0,0,0,0,0,100,0,474,1499,0,0,0,1
1780428767,0,0,0,0,0,0,100,0,474,1500,0,0,0,1
1780428768,0,0,0,0,0,0,99,7,473,1500,0,0,0,1
1780428769,0,0,0,0,0,3,99,7,473,1500,0,0,0,1
1780428770,0,0,0,3,0,0,99,7,472,1501,0,0,0,1
1780428771,0,3,0,3,0,0,99,5,472,1501,0,0,0,1
1780428772,0,0,0,0,0,0,100,0,472,1501,0,0,0,1
1780428773,0,0,0,5,0,0,99,5,472,1501,0,0,0,1
1780428774,0,0,0,3,0,0,99,7,472,1501,0,0,0,1
1780428775,0,0,0,3,0,0,99,5,472,1501,0,0,0,1
1780428776,0,0,0,0,0,0,100,0,472,1501,0,0,0,1
1780428778,0,3,0,0,0,0,99,7,472,1501,0,0,0,1
1780428779,0,0,0,3,0,0,99,7,472,1501,0,0,0,1
1780428780,0,0,0,0,0,0,100,0,472,1501,0,0,0,1
1780428781,0,0,0,0,0,0,100,0,472,1501,0,0,0,1
1780428782,0,0,0,3,0,3,99,5,472,1501,0,0,0,1
1780428783,0,3,0,0,0,0,99,7,472,1501,0,0,0,1
1780428784,0,0,0,0,0,0,100,0,472,1501,0,0,0,1
1780428785,0,0,0,3,0,0,99,7,472,1501,0,0,0,1
1780428786,0,0,0,0,0,0,100,0,472,1501,0,0,0,1
1780428787,0,3,0,0,0,0,99,5,472,1501,0,0,0,1
1780428788,0,3,0,3,0,0,99,2,472,1501,0,0,0,1
1780428789,0,0,0,5,0,0,99,5,472,1501,0,0,0,1
1780428790,0,0,0,0,0,0,100,0,472,1501,0,0,0,1
1780428791,0,0,0,0,0,0,100,0,472,1501,0,0,0,1
1780428792,0,0,0,0,0,0,100,0,472,1501,0,0,0,1
1780428793,0,0,0,0,0,3,99,2,472,1501,0,0,0,1
1780428794,0,0,0,3,0,0,99,7,472,1501,0,0,0,1
1780428795,0,0,0,3,0,0,99,7,472,1501,0,0,0,1
1780428796,0,0,0,0,0,0,100,0,472,1501,0,0,0,1
1780428797,0,0,0,0,0,0,99,7,472,1501,0,0,0,1
1780428799,0,0,0,3,0,0,99,7,472,1501,0,0,0,1
1780428800,0,0,0,3,0,0,99,5,472,1501,0,0,0,1
1780428801,0,0,0,3,0,0,99,7,472,1501,0,0,0,1
1780428802,0,3,0,0,0,0,99,7,472,1501,0,0,0,1
1780428803,0,0,0,0,0,0,100,0,472,1501,0,0,0,1
1780428804,0,0,0,0,0,0,100,0,472,1501,0,0,0,1
1780428805,0,0,0,0,0,0,100,0,473,1500,0,0,0,1
1780428806,0,0,0,3,0,0,99,7,474,1499,0,0,0,1
1780428807,0,0,0,0,0,0,100,0,474,1499,0,0,0,1
1780428808,0,0,0,0,0,0,100,0,474,1499,0,0,0,1
1780428809,0,0,0,0,0,0,100,0,474,1499,0,0,0,1
1780428810,0,0,0,0,0,0,100,0,474,1499,0,0,0,1
1780428811,0,0,0,3,0,3,99,5,474,1499,0,0,0,1
1780428812,0,0,0,0,0,0,100,0,474,1499,0,0,0,1
1780428813,0,0,0,3,0,0,99,7,474,1499,0,0,0,1
1780428814,0,3,0,0,0,0,99,7,474,1499,0,0,0,1
1780428815,0,0,0,0,0,0,100,0,474,1499,0,0,0,1
1780428816,0,0,0,0,0,0,100,0,474,1499,0,0,0,1
1780428817,0,0,0,3,0,0,99,7,474,1499,0,0,0,1
1780428818,0,0,0,0,0,0,100,0,474,1499,0,0,0,1
1780428819,0,0,0,3,0,0,99,5,474,1499,0,0,0,1
1780428821,0,3,0,3,0,0,99,5,474,1499,0,0,0,1
1780428822,0,0,0,3,0,0,99,2,474,1499,0,0,0,1
1780428823,0,0,0,3,0,0,99,7,474,1499,0,0,0,1
1780428824,0,0,0,0,0,0,100,0,474,1499,0,0,0,1
1780428825,0,3,0,0,0,0,99,5,474,1499,0,0,0,1
1780428826,0,0,0,0,0,0,99,7,474,1499,0,0,0,1
1780428827,0,0,0,0,0,0,100,0,474,1499,0,0,0,1
1780428828,0,0,0,0,0,0,100,0,474,1499,0,0,0,1
1780428829,0,3,0,0,0,0,99,7,474,1499,0,0,0,1
1780428830,0,0,0,3,0,0,99,7,474,1499,0,0,0,1
1780428831,0,0,0,3,0,0,99,7,474,1499,0,0,0,1
1780428832,0,0,0,0,0,0,100,0,474,1499,0,0,0,1
1780428833,0,0,0,3,0,0,99,7,474,1499,0,0,0,1
1780428834,0,0,0,0,0,0,100,0,474,1499,0,0,0,1
1780428835,0,3,0,0,0,0,99,7,474,1499,0,0,0,1
1780428836,0,0,0,0,0,0,100,0,474,1499,0,0,0,1
1780428837,0,0,0,0,0,0,99,7,474,1499,0,0,0,1
1780428838,0,3,0,0,0,0,99,7,474,1499,0,0,0,1
1780428839,0,2,0,2,0,0,99,4,474,1499,0,0,0,1
1780428841,0,0,0,3,0,0,99,7,474,1499,0,0,0,1
1780428842,0,0,0,0,0,0,100,0,474,1499,0,0,0,1
1780428843,0,0,0,2,0,0,99,8,474,1499,0,0,0,1
1780428844,0,0,0,0,0,0,100,0,475,1498,0,0,0,1
1780428845,0,0,0,0,0,0,99,7,475,1499,0,0,0,1
1780428846,0,0,0,0,0,0,99,8,475,1498,0,0,0,1
1780428847,0,3,0,5,0,3,98,7,475,1499,0,0,0,1
1780428848,0,0,0,0,0,0,100,0,474,1499,0,0,0,1
1780428849,0,0,0,3,0,0,99,7,475,1499,0,0,0,1
1780428851,0,0,0,0,0,0,99,7,475,1499,0,0,0,1
1780428852,0,0,0,3,0,0,99,7,475,1499,0,0,0,1
1780428853,0,0,0,0,0,0,100,0,475,1499,0,0,0,1
1780428854,0,5,0,3,0,8,98,2,475,1499,0,0,0,1
1780428855,0,0,0,3,0,0,99,7,475,1498,0,0,0,1
1780428856,0,0,0,2,0,0,99,8,475,1498,0,0,0,1
1780428857,0,0,0,0,0,0,100,0,475,1498,0,0,0,1
1780428858,0,0,0,0,0,0,100,0,475,1498,0,0,0,1
1780428859,0,0,0,0,0,0,100,0,475,1498,0,0,0,1
1780428860,0,0,0,0,0,0,100,0,475,1498,0,0,0,1
1780428861,0,0,0,0,0,0,100,0,475,1498,0,0,0,1
1780428862,0,5,0,3,0,0,99,0,475,1498,0,0,0,1
1780428863,0,0,0,0,0,0,100,0,475,1498,0,0,0,1
1780428864,0,0,0,0,0,0,100,0,475,1498,0,0,0,1
1780428865,0,0,0,0,0,0,100,0,475,1498,0,0,0,1
1780428866,0,0,0,0,0,0,100,0,475,1498,0,0,0,1
1780428867,0,2,0,0,0,0,99,5,475,1498,0,0,0,1
1780428869,0,3,0,0,0,0,99,7,475,1498,0,0,0,1
1780428870,0,0,0,3,0,0,99,5,475,1498,0,0,0,1
1780428871,0,0,0,3,0,0,99,5,475,1498,0,0,0,1
1780428872,0,0,0,0,0,0,100,0,475,1498,0,0,0,1
1780428873,0,2,0,2,0,0,99,5,475,1498,0,0,0,1
1780428874,0,3,0,0,0,0,99,7,475,1498,0,0,0,1
1780428875,10,3,4,7,0,3,84,7,486,1487,0,0,0,1
1780428876,0,0,0,0,0,0,100,0,485,1488,0,0,0,1
1780428877,0,0,0,0,0,0,100,0,485,1488,0,0,0,1
1780428878,0,0,0,0,0,0,99,7,485,1488,0,0,0,1
1780428879,0,0,0,0,0,0,100,0,484,1489,0,0,0,1
1780428880,0,3,0,5,0,0,99,0,484,1489,12,9,0,1
1780428881,0,3,0,0,0,0,99,5,482,1491,0,0,0,1
1780428882,0,0,0,0,0,0,100,0,482,1491,0,0,0,1
1780428883,0,0,0,3,0,0,99,7,481,1492,0,0,0,1
1780428884,0,3,0,0,0,0,99,5,481,1492,0,0,0,1
1780428885,0,0,0,3,0,0,99,7,481,1493,0,0,0,1
1780428886,0,0,0,5,0,0,99,5,480,1494,0,0,0,1
1780428887,0,0,0,0,0,0,100,0,479,1494,0,0,0,1
1780428889,0,0,0,0,0,0,100,0,479,1494,0,0,0,1
1780428890,0,0,0,0,0,0,100,0,479,1494,0,0,0,1
1780428891,0,0,0,0,0,0,100,0,479,1494,0,0,0,1
1780428892,0,3,0,5,0,0,99,2,478,1495,0,0,0,1
1780428893,0,3,0,3,0,0,99,5,479,1494,0,0,0,1
1780428894,0,0,0,3,0,0,99,5,479,1494,0,0,0,1
1780428895,0,0,0,0,0,0,100,0,479,1494,0,0,0,1
1780428896,0,0,0,0,0,0,100,0,480,1494,0,0,0,1
1780428897,0,0,0,0,0,0,100,0,480,1493,0,0,0,1
1780428898,0,3,0,5,0,0,99,0,480,1494,0,0,0,1
1780428899,0,3,0,0,0,0,99,7,480,1494,0,0,0,1
1780428900,0,0,0,3,0,3,99,2,479,1494,0,0,0,1
1780428901,0,0,0,0,0,0,100,0,479,1494,0,0,0,1
1780428902,0,0,0,0,0,0,99,7,479,1494,0,0,0,1
1780428903,0,0,0,3,0,0,99,5,479,1494,0,0,0,1
1780428904,0,0,0,3,0,0,99,7,479,1494,0,0,0,1
1780428905,0,2,0,2,0,0,99,5,479,1494,0,0,0,1
1780428906,0,0,0,8,0,3,98,7,479,1494,0,0,0,1
1780428907,0,3,0,0,0,0,99,7,480,1494,0,0,0,1
1780428908,0,0,0,0,0,0,99,7,480,1494,0,0,0,1
1780428910,0,0,0,0,0,0,100,0,480,1493,0,0,0,1
1780428911,0,0,0,0,0,0,99,7,480,1493,0,0,0,1
1780428912,0,0,0,0,0,0,100,0,480,1493,0,0,0,1
1780428913,0,0,0,3,0,0,99,5,481,1492,0,0,0,1
1780428914,0,0,0,0,0,0,100,0,481,1491,0,0,0,1
1780428915,0,3,0,0,0,0,99,7,481,1492,0,0,0,1
1780428916,0,0,0,3,0,0,99,7,481,1492,0,0,0,1
1780428917,0,3,0,0,0,0,99,7,482,1491,0,0,0,1
1780428918,0,0,0,0,0,0,100,0,482,1491,0,0,0,1
1780428919,0,3,0,0,0,3,99,5,480,1493,0,0,0,1
1780428920,0,0,0,0,0,0,100,0,480,1493,0,0,0,1
1780428921,0,0,0,3,0,0,99,7,480,1493,0,0,0,1
1780428922,0,0,0,0,0,0,100,0,480,1493,0,0,0,1
1780428923,0,0,0,3,0,0,99,7,480,1493,0,0,0,1
1780428924,0,3,0,3,0,0,99,5,480,1494,0,0,0,1
1780428925,0,0,0,3,0,0,99,7,480,1494,0,0,0,1
1780428926,0,3,0,0,0,0,99,7,479,1494,0,0,0,1
1780428927,0,0,0,0,0,0,100,0,479,1494,0,0,0,1
1780428928,0,0,0,3,0,0,99,7,479,1494,0,0,0,1
1780428929,0,0,0,0,0,8,99,2,479,1494,0,0,0,1
1780428931,0,0,0,0,0,0,100,0,479,1494,0,0,0,1
1780428932,0,0,0,0,0,0,99,7,479,1494,0,0,0,1
1780428933,0,0,0,0,0,0,100,0,479,1494,0,0,0,1
1780428934,0,0,0,0,0,0,100,0,479,1494,0,0,0,1
1780428935,0,3,0,0,0,0,99,7,479,1494,0,0,0,1
1780428936,0,3,0,0,0,0,99,7,479,1494,0,0,0,1
1780428937,0,0,0,3,0,0,99,7,479,1495,0,0,0,1
1780428938,0,0,0,3,0,0,99,7,479,1495,0,0,0,1
1780428939,0,0,0,0,0,0,100,0,478,1495,0,0,0,1
1780428940,0,0,0,0,0,0,100,0,478,1495,0,0,0,1
1780428941,0,0,0,0,0,0,99,7,478,1495,0,0,0,1
1780428942,0,0,0,3,0,0,99,7,478,1495,0,0,0,1
1780428943,0,0,0,5,0,0,99,5,478,1495,0,0,0,1
1780428944,0,0,0,3,0,0,99,5,478,1495,0,0,0,1
1780428945,0,0,0,0,0,0,100,0,478,1495,0,0,0,1
1780428946,0,0,0,3,0,0,99,5,478,1495,0,0,0,1
1780428947,0,0,0,3,0,0,99,7,478,1496,0,0,0,1
1780428948,0,0,0,3,0,8,98,7,477,1496,0,0,0,1
1780428949,0,3,0,0,0,0,99,7,477,1496,0,0,0,1
1780428950,0,3,0,5,0,0,99,2,477,1496,0,0,0,1
1780428951,0,0,0,0,0,3,99,5,477,1496,0,0,0,1
1780428953,0,0,0,0,0,0,100,0,477,1496,0,0,0,1
1780428954,0,0,0,3,0,0,99,5,477,1496,0,0,0,1
1780428955,0,0,0,0,0,0,100,0,477,1496,0,0,0,1
1780428956,0,0,0,0,0,0,100,0,477,1496,0,0,0,1
1780428957,0,0,0,0,0,0,100,0,477,1496,0,0,0,1
1780428958,0,0,0,5,0,0,99,2,478,1496,0,0,0,1
1780428959,0,0,0,0,0,0,100,0,478,1496,0,0,0,1
1780428960,0,0,0,0,0,0,99,7,478,1496,0,0,0,1
1780428961,0,0,0,0,0,0,100,0,478,1496,0,0,0,1
1780428962,0,0,0,0,0,0,100,0,478,1496,0,0,0,1
1780428963,0,3,0,3,0,0,99,5,478,1496,0,0,0,1
1780428964,0,0,0,3,0,0,99,7,478,1496,0,0,0,1
1780428965,0,3,0,0,0,0,99,7,478,1495,0,0,0,1
1780428966,0,3,0,5,0,0,99,2,478,1495,0,0,0,1
1780428967,0,3,0,3,0,0,99,2,478,1495,0,0,0,1
1780428968,0,0,0,0,0,0,100,0,478,1495,0,0,0,1
1780428969,0,0,0,0,0,0,100,0,478,1495,0,0,0,1
1780428970,0,0,0,0,0,0,100,0,478,1495,0,0,0,1
1780428971,0,0,0,3,0,0,99,7,479,1495,0,0,0,1
1780428973,0,0,0,0,0,0,100,0,479,1494,0,0,0,1
1780428974,0,0,0,3,0,0,99,7,480,1493,0,0,0,1
1780428975,0,0,0,3,0,0,99,7,480,1493,0,0,0,1
1780428976,0,0,0,3,0,0,99,5,480,1493,0,0,0,1
1780428977,0,0,0,0,0,0,100,0,480,1493,0,0,0,1
1780428978,0,3,0,0,0,0,99,7,480,1493,0,0,0,1
1780428979,0,0,0,0,0,0,100,0,480,1493,0,0,0,1
1780428980,0,0,0,2,0,0,99,8,480,1494,0,0,0,1
1780428981,0,3,0,3,0,0,99,5,479,1494,0,0,0,1
1780428982,0,0,0,0,0,0,100,0,479,1494,0,0,0,1
1780428983,0,0,0,3,0,0,99,7,479,1494,0,0,0,1
1780428984,0,0,0,0,0,0,100,0,479,1494,1,0,0,1
1780428985,0,3,0,0,0,0,99,5,479,1494,0,0,0,1
1780428986,0,0,0,0,0,0,100,0,479,1494,0,0,0,1
1780428987,0,0,0,0,0,0,100,0,479,1494,0,0,0,1
1780428988,0,0,0,0,0,0,100,0,479,1494,0,0,0,1
1780428989,0,0,0,0,0,0,100,0,479,1494,0,0,0,1
1780428990,0,3,0,0,0,0,99,7,479,1494,0,0,0,1
1780428991,0,0,0,0,0,0,100,0,479,1494,0,0,0,1
1780428992,0,0,0,0,0,0,100,0,479,1494,0,0,0,1
1780428994,0,0,0,0,0,0,100,0,479,1494,0,0,0,1
1780428995,0,0,0,3,0,0,99,7,479,1494,0,0,0,1
1780428996,0,3,0,0,0,0,99,5,479,1494,0,0,0,1
1780428997,0,0,0,3,0,0,99,7,479,1494,0,0,0,1
1780428998,0,0,0,3,0,0,99,7,479,1494,0,0,0,1
1780428999,0,2,0,0,0,0,99,5,479,1494,0,0,0,1
1780429000,0,3,0,3,0,0,99,5,479,1494,0,0,0,1
1780429001,0,0,0,0,0,0,100,0,478,1495,0,0,0,1
1780429002,0,0,0,0,0,0,100,0,478,1495,0,0,0,1
1780429003,0,0,0,0,0,0,100,0,477,1496,0,0,0,1
1780429004,0,3,0,0,0,0,99,7,477,1496,0,0,0,1
1780429005,0,0,0,3,0,0,99,7,477,1496,0,0,0,1
1780429006,0,0,0,3,0,3,99,5,476,1497,0,0,0,1
1780429007,0,0,0,0,0,0,100,0,476,1497,0,0,0,1
1780429008,0,3,0,5,0,0,99,2,476,1497,0,0,0,1
1780429009,0,0,0,0,0,0,99,7,476,1497,0,0,0,1
1780429010,0,0,0,0,0,0,100,0,476,1497,0,0,0,1
1780429011,0,0,0,3,0,0,99,7,476,1497,0,0,0,1
1780429012,0,3,0,0,0,0,99,5,476,1497,0,0,0,1
1780429013,0,0,0,3,0,0,99,7,476,1497,0,0,0,1
1780429014,0,0,0,3,0,0,99,7,476,1497,0,0,0,1
1780429016,0,0,0,0,0,0,99,7,476,1497,0,0,0,1
1780429017,0,3,0,3,0,0,99,5,476,1497,0,0,0,1
1780429018,0,0,0,0,0,0,100,0,476,1497,0,0,0,1
1780429019,0,0,0,3,0,0,99,7,476,1497,0,0,0,1
1780429020,0,3,0,0,0,0,99,7,476,1497,0,0,0,1
1780429021,0,0,0,0,0,0,100,0,476,1497,0,0,0,1
1780429022,0,0,0,0,0,0,100,0,477,1496,0,0,0,1
1780429023,0,0,0,0,0,0,100,0,477,1496,0,0,0,1
1780429024,0,0,0,0,0,0,100,0,477,1496,0,0,0,1
1780429025,0,5,0,3,0,0,99,2,470,1503,0,0,0,1
1780429026,0,0,0,0,0,0,100,0,470,1503,0,0,0,1
1780429027,0,0,0,0,0,0,99,7,470,1503,0,0,0,1
1780429028,0,3,0,0,0,0,99,5,470,1503,0,0,0,1
1780429029,0,0,0,3,0,0,99,7,470,1503,0,0,0,1
1780429030,0,0,0,0,0,0,100,0,470,1503,0,0,0,1
1780429031,0,0,0,0,0,0,100,0,471,1502,0,0,0,1
1780429032,0,0,0,0,0,0,99,7,471,1502,0,0,0,1
1780429033,0,0,0,3,0,0,99,7,471,1502,0,0,0,1
1780429034,0,0,0,0,0,0,100,0,471,1502,0,0,0,1
1780429035,0,0,0,5,0,0,99,2,472,1501,0,0,0,1
1780429036,0,0,0,0,0,0,100,0,472,1501,0,0,0,1
1780429037,0,0,0,3,0,0,99,5,469,1504,0,0,0,1
1780429038,0,0,0,0,0,0,100,0,469,1504,0,0,0,1
1780429040,0,0,0,0,0,0,99,7,469,1504,0,0,0,1
1780429041,0,3,0,0,0,0,99,7,469,1504,0,0,0,1
1780429042,0,0,0,3,0,0,99,7,470,1503,0,0,0,1
1780429043,0,0,0,0,0,0,100,0,470,1503,0,0,0,1
1780429044,0,0,0,0,0,0,100,0,470,1503,0,0,0,1
1780429045,0,0,0,0,0,0,100,0,470,1503,0,0,0,1
1780429046,0,3,0,5,0,0,99,2,470,1503,0,0,0,1
1780429047,0,3,0,0,0,0,99,7,470,1503,0,0,0,1
1780429048,0,0,0,0,0,0,100,0,470,1503,0,0,0,1
1780429049,0,0,0,0,0,8,99,0,469,1504,0,0,0,1
1780429050,0,0,0,3,0,0,99,7,469,1504,0,0,0,1
1780429051,0,0,0,0,0,0,100,0,469,1504,0,0,0,1
1780429052,0,0,0,0,0,0,100,0,469,1504,0,0,0,1
1780429053,0,0,0,0,0,0,100,0,471,1502,0,0,0,1
1780429054,0,3,0,5,0,0,99,2,471,1502,0,0,0,1
1780429055,0,0,0,0,0,0,99,7,471,1502,0,0,0,1
1780429056,0,0,0,3,0,0,99,7,471,1502,0,0,0,1
1780429057,0,0,0,0,0,0,99,7,471,1502,0,0,0,1
1780429058,0,0,0,0,0,0,100,0,471,1502,0,0,0,1
1780429059,0,0,0,3,0,0,99,5,471,1502,0,0,0,1
1780429061,0,0,0,0,0,0,99,7,471,1502,0,0,0,1
1780429062,0,0,0,0,0,0,100,0,471,1502,0,0,0,1
1780429063,0,3,0,3,0,0,99,5,469,1504,0,0,0,1
1780429064,0,0,0,0,0,0,100,0,469,1504,0,0,0,1
1780429065,0,0,0,0,0,0,99,7,469,1504,0,0,0,1
1780429066,0,0,0,0,0,0,100,0,469,1504,0,0,0,1
1780429067,0,0,0,0,0,0,100,0,469,1504,0,0,0,1
1780429068,0,0,0,0,0,0,100,0,469,1504,0,0,0,1
1780429069,0,0,0,5,0,0,99,2,469,1504,0,0,0,1
1780429070,0,0,0,0,0,0,100,0,470,1503,0,0,0,1
1780429071,0,0,0,0,0,0,100,0,470,1503,0,0,0,1
1780429072,0,3,0,0,0,0,99,7,470,1503,0,0,0,1
1780429073,0,0,0,0,0,0,99,7,470,1503,0,0,0,1
1780429074,0,0,0,0,0,0,100,0,470,1503,0,0,0,1
1780429075,0,3,0,5,0,0,99,2,470,1503,0,0,0,1
1780429076,0,0,0,0,0,0,100,0,471,1502,0,0,0,1
1780429077,0,0,0,3,0,0,99,7,471,1502,0,0,0,1
1780429078,0,3,0,0,0,0,99,7,471,1502,0,0,0,1
1780429079,0,0,0,0,0,0,100,0,471,1502,0,0,0,1
1780429080,0,0,0,0,0,0,100,0,470,1503,0,0,0,1
1780429081,0,0,0,3,0,0,99,5,470,1503,0,0,0,1
1780429083,0,0,0,3,0,0,99,7,470,1503,0,0,0,1
1780429084,0,0,0,0,0,0,100,0,470,1503,0,0,0,1
1780429085,0,3,0,0,0,3,99,2,470,1503,0,0,0,1
1780429086,0,0,0,0,0,0,99,7,470,1503,0,0,0,1
1780429087,0,0,0,0,0,0,100,0,471,1502,0,0,0,1
1780429088,0,3,0,3,0,0,99,5,471,1502,0,0,0,1
1780429089,0,0,0,0,0,0,100,0,471,1502,0,0,0,1
1780429090,0,0,0,0,0,0,100,0,471,1502,0,0,0,1
1780429091,0,0,0,3,0,0,99,5,471,1502,0,0,0,1
1780429092,0,3,0,5,0,0,99,2,471,1502,0,0,0,1
1780429093,0,0,0,0,0,0,100,0,471,1502,0,0,0,1
1780429094,0,3,0,0,0,0,99,7,472,1501,0,0,0,1
1780429095,0,0,0,0,0,0,100,0,472,1501,0,0,0,1
1780429096,0,3,0,0,0,0,99,7,472,1501,0,0,0,1
1780429097,0,0,0,3,0,3,99,5,472,1501,0,0,0,1
1780429098,0,0,0,0,0,0,100,0,472,1501,0,0,0,1
1780429099,0,0,0,3,0,0,99,5,472,1501,0,0,0,1
1780429100,0,0,0,0,0,0,100,0,472,1501,0,0,0,1
1780429101,0,0,0,0,0,0,100,0,472,1501,0,0,0,1
1780429103,0,0,0,0,0,0,100,0,472,1501,0,0,0,1
1780429104,0,0,0,0,0,0,100,0,474,1500,0,0,0,1
1780429105,0,3,0,0,0,0,99,7,474,1500,0,0,0,1
1780429106,0,0,0,0,0,0,100,0,474,1500,0,0,0,1
1780429107,0,3,0,5,0,0,99,2,474,1500,0,0,0,1
1780429108,0,0,0,0,0,0,100,0,474,1500,0,0,0,1
1780429109,0,0,0,0,0,0,100,0,474,1499,0,0,0,1
1780429110,0,0,0,0,1,0,99,0,474,1499,0,0,0,1
1780429111,0,3,0,0,0,0,99,7,474,1499,0,0,0,1
1780429112,0,3,0,5,0,0,99,0,474,1499,0,0,0,1
1780429113,0,0,0,0,0,0,100,0,474,1499,0,0,0,1
1780429114,0,0,0,3,0,0,99,5,474,1499,0,0,0,1
1780429115,0,0,0,0,0,0,100,0,474,1499,0,0,0,1
1780429116,0,0,0,3,0,3,99,2,474,1499,0,0,0,1
1780429117,0,2,0,0,0,0,99,8,474,1499,0,0,0,1
1780429118,0,3,0,0,0,0,99,7,474,1499,0,0,0,1
1780429119,0,0,0,5,0,0,99,5,474,1499,0,0,0,1
1780429120,0,0,0,3,0,0,99,7,474,1499,0,0,0,1
1780429122,0,0,0,0,0,0,100,0,474,1499,0,0,0,1
1780429123,0,0,0,0,0,0,100,0,474,1499,0,0,0,1
1780429124,0,3,0,0,0,0,99,7,474,1499,0,0,0,1
1780429125,0,0,0,0,0,0,100,0,474,1499,0,0,0,1
1780429126,0,0,0,0,0,0,100,0,474,1499,0,0,0,1
1780429127,0,3,0,0,0,0,99,5,474,1499,0,0,0,1
1780429128,0,0,0,3,0,0,99,7,474,1499,0,0,0,1
1780429129,0,3,0,0,0,0,99,7,475,1499,0,0,0,1
1780429130,0,5,0,5,0,0,98,7,474,1499,0,0,0,1
1780429131,0,0,0,0,0,0,100,0,475,1498,0,0,0,1
1780429132,0,0,0,0,0,0,100,0,475,1498,0,0,0,1
1780429133,0,3,0,8,0,0,99,0,474,1499,0,0,0,1
1780429134,0,0,0,0,0,3,99,5,475,1498,0,0,0,1
1780429135,0,3,0,0,0,0,99,7,474,1499,0,0,0,1
1780429136,0,0,0,0,0,0,100,0,474,1499,0,0,0,1
1780429137,0,0,0,0,0,0,100,0,474,1499,0,0,0,1
1780429138,0,0,0,0,0,0,99,7,474,1499,0,0,0,1
1780429139,0,3,0,5,0,0,99,2,474,1499,0,0,0,1
1780429140,0,0,0,3,0,0,99,7,474,1499,0,0,0,1
1780429141,0,0,0,0,0,0,100,0,474,1499,0,0,0,1
1780429143,0,3,0,0,0,0,99,7,474,1499,0,0,0,1
1780429144,0,3,0,0,0,0,99,7,474,1499,0,0,0,1
1780429145,0,0,0,0,0,0,100,0,474,1499,0,0,0,1
1780429146,0,0,0,0,0,0,100,0,474,1499,0,0,0,1
1780429147,0,0,0,0,0,0,100,0,474,1499,0,0,0,1
1780429148,0,0,0,3,0,0,99,7,474,1499,0,0,0,1
1780429149,0,0,0,0,0,0,100,0,474,1499,0,0,0,1
1780429150,0,0,0,0,0,0,100,0,474,1499,0,0,0,1
1780429151,0,0,0,0,0,0,100,0,474,1499,0,0,0,1
1780429152,0,3,0,0,0,0,99,7,474,1499,0,0,0,1
1780429153,0,0,0,5,0,0,99,5,474,1499,0,0,0,1
1780429154,0,0,0,0,0,0,100,0,474,1499,0,0,0,1
1780429155,0,0,0,0,0,0,100,0,474,1499,0,0,0,1
1780429156,0,3,0,3,0,0,99,5,474,1499,0,0,0,1
1780429157,0,0,0,0,0,0,100,0,474,1499,0,0,0,1
1780429158,0,0,0,0,0,0,100,0,474,1499,0,0,0,1
1780429159,0,0,0,3,0,3,99,5,474,1499,0,0,0,1
1780429160,0,3,0,0,0,0,99,7,474,1499,0,0,0,1
1780429161,0,0,0,0,0,0,100,0,474,1499,0,0,0,1
1780429162,0,0,0,0,0,0,100,0,474,1499,0,0,0,1
1780429163,0,0,0,3,0,0,99,7,474,1499,0,0,0,1
1780429165,0,0,0,0,0,0,100,0,476,1497,0,0,0,1
1780429166,0,0,0,5,0,0,99,5,476,1497,0,0,0,1
1780429167,0,0,0,0,0,0,100,0,476,1497,0,0,0,1
1780429168,0,0,0,0,0,0,100,0,476,1497,0,0,0,1
1780429169,0,0,0,0,0,0,100,0,476,1497,0,0,0,1
1780429170,0,0,0,0,0,0,100,0,476,1497,0,0,0,1
1780429171,0,0,0,0,0,0,100,0,476,1497,0,0,0,1
1780429172,0,0,0,0,0,0,100,0,476,1497,0,0,0,1
1780429173,0,0,0,0,0,0,100,0,476,1497,0,0,0,1
1780429174,0,3,0,3,0,0,99,2,477,1496,0,0,0,1
1780429175,0,3,0,3,0,3,99,0,477,1496,12,9,0,1
1780429176,0,0,0,3,0,0,99,5,477,1496,0,0,0,1
1780429177,0,0,0,0,0,0,100,0,477,1496,0,0,0,1
1780429178,0,0,0,3,0,0,99,7,478,1495,0,0,0,1
1780429179,0,0,0,0,0,0,100,0,477,1496,0,0,0,1
1780429180,0,0,0,0,0,3,99,7,477,1496,0,0,0,1
1780429181,0,3,0,0,0,0,99,7,478,1496,0,0,0,1
1780429182,0,3,0,0,0,0,99,7,478,1495,0,0,0,1
1780429183,0,0,0,3,0,0,99,5,478,1495,0,0,0,1
1780429184,0,0,0,3,0,0,99,7,478,1495,0,0,0,1
1780429185,0,0,0,3,0,0,99,7,478,1495,0,0,0,1
1780429186,0,0,0,0,0,0,100,0,478,1495,0,0,0,1
1780429187,0,0,0,0,0,0,100,0,479,1495,0,0,0,1
1780429189,0,3,0,5,0,0,99,2,479,1494,0,0,0,1
1780429190,0,0,0,0,0,0,100,0,478,1495,0,0,0,1
1780429191,0,0,0,0,0,0,99,7,478,1495,0,0,0,1
1780429192,0,0,0,0,0,0,100,0,478,1495,0,0,0,1
1780429193,0,0,0,0,0,0,100,0,478,1495,0,0,0,1
1780429194,0,5,0,3,0,0,99,0,478,1495,0,0,0,1
1780429195,0,0,0,3,0,0,99,7,478,1495,0,0,0,1
1780429196,0,0,0,0,0,0,100,0,479,1494,0,0,0,1
1780429197,0,0,0,0,0,0,100,0,479,1495,0,0,0,1
1780429198,0,0,0,0,0,0,100,0,479,1494,0,0,0,1
1780429199,0,3,0,0,0,0,99,7,479,1494,0,0,0,1
1780429200,0,3,0,0,0,0,99,7,479,1494,0,0,0,1
1780429201,0,3,0,5,0,0,99,2,479,1494,0,0,0,1
1780429202,0,0,0,0,0,0,100,0,479,1494,0,0,0,1
1780429203,0,3,0,5,0,0,99,2,480,1493,0,0,0,1
1780429204,0,0,0,3,0,0,99,7,480,1493,0,0,0,1
1780429205,0,3,0,0,0,0,99,7,482,1491,0,0,0,1
1780429206,0,0,0,3,0,0,99,5,482,1491,0,0,0,1
1780429207,0,0,0,5,0,0,99,2,482,1491,0,0,0,1
1780429208,0,0,0,3,0,0,99,7,482,1491,0,0,0,1
1780429210,0,3,0,0,0,0,99,7,481,1491,0,0,0,1
1780429211,0,0,0,0,0,0,100,0,481,1491,0,0,0,1
1780429212,0,0,0,3,0,3,99,5,481,1492,0,0,0,1
1780429213,0,0,0,0,0,0,100,0,481,1492,0,0,0,1
1780429214,0,0,0,0,0,0,100,0,482,1491,0,0,0,1
1780429215,0,0,0,0,0,0,100,0,482,1491,0,0,0,1
1780429216,0,3,0,0,0,0,99,7,482,1491,0,0,0,1
1780429217,0,0,0,0,0,0,100,0,482,1491,0,0,0,1
1780429218,0,0,0,0,0,0,100,0,482,1491,0,0,0,1
1780429219,0,5,1,8,0,0,97,7,491,1478,0,0,0,1
1780429220,0,0,0,0,0,0,100,0,484,1490,0,0,0,1
1780429221,0,0,0,0,0,0,100,0,484,1490,0,0,0,1
1780429222,0,0,0,0,0,0,100,0,483,1490,0,0,0,1
1780429223,0,0,0,3,0,0,99,7,483,1490,0,0,0,1
